Workbook

Sheet Peptide Map
A1: Peptide Map CMV gH (PEP20205091784) - Mouse Anti-CMV gH Antibody 13G1
A3: Microarray Content: | B3: Envelope glycoprotein H of CMV elongated with neutral GSGSGSG linkers at the C- and N-terminus and translated into overlapping peptides
A4: Sample: | B4: Mouse anti-CMV gH antibody 13G1
A5: Cyclization: | B5: N- to C-terminal thioether bridging
A6: Peptide Length: | B6: 7 aa, 10 aa and 13 aa
A7: Peptide Overlap: | B7: 6 aa, 9 aa and 12 aa
A8: Number of Peptides: | B8: 1815
A9: Number of Spots: | B9: 3.630 (peptides printed in duplicate)
A10: HA Controls: | B10: YPYDVPDYAG | C10: 128 spots
A13: Mouse antibody 13G1, 1 µg/ml | C13: 1 | D13: 2 | E13: 3 | F13: 4 | G13: 5 | H13: 6 | I13: 7 | J13: 8 | K13: 9 | L13: 10 | M13: 11 | N13: 12 | O13: 13 | P13: 14 | Q13: 15 | R13: 16 | S13: 17 | T13: 18 | U13: 19 | V13: 20 | W13: 21 | X13: 22 | Y13: 23 | Z13: 24 | AA13: 25 | AB13: 26 | AC13: 27 | AD13: 28 | AE13: 29 | AF13: 30 | AG13: 31 | AH13: 32 | AI13: 33 | AJ13: 34 | AK13: 35 | AL13: 36 | AM13: 37 | AN13: 38 | AO13: 39 | AP13: 40 | AQ13: 41 | AR13: 42 | AS13: 43 | AT13: 44 | AU13: 45 | AV13: 46 | AW13: 47 | AX13: 48 | AY13: 49 | AZ13: 50 | BA13: 51 | BB13: 52 | BC13: 53 | BD13: 54 | BE13: 55 | BF13: 56 | BG13: 57 | BH13: 58 | BI13: 59 | BJ13: 60 | BK13: 61 | BL13: 62 | BM13: 63 | BN13: 64 | BO13: 65 | BP13: 66
B14: YPYDVPDYAG | C14: G | D14: YPYDVPDYAG | E14: G | F14: YPYDVPDYAG | G14: G | H14: YPYDVPDYAG | I14: G | J14: YPYDVPDYAG | K14: G | L14: YPYDVPDYAG | M14: G | N14: YPYDVPDYAG | O14: G | P14: YPYDVPDYAG | Q14: G | R14: YPYDVPDYAG | S14: G | T14: YPYDVPDYAG | U14: G | V14: YPYDVPDYAG | W14: G | X14: YPYDVPDYAG | Y14: G | Z14: YPYDVPDYAG | AA14: G | AB14: YPYDVPDYAG | AC14: G | AD14: YPYDVPDYAG | AE14: G | AF14: YPYDVPDYAG | AG14: G | AH14: YPYDVPDYAG | AI14: G | AJ14: YPYDVPDYAG | AK14: G | AL14: YPYDVPDYAG | AM14: G | AN14: YPYDVPDYAG | AO14: G | AP14: YPYDVPDYAG | AQ14: G | AR14: YPYDVPDYAG | AS14: G | AT14: YPYDVPDYAG | AU14: G | AV14: YPYDVPDYAG | AW14: G | AX14: YPYDVPDYAG | AY14: G | AZ14: YPYDVPDYAG | BA14: G | BB14: YPYDVPDYAG | BC14: G | BD14: YPYDVPDYAG | BE14: G | BF14: YPYDVPDYAG | BG14: G | BH14: YPYDVPDYAG | BI14: G | BJ14: YPYDVPDYAG | BK14: G | BL14: YPYDVPDYAG | BM14: G | BN14: YPYDVPDYAG | BO14: G | BP14: YPYDVPDYAG | BQ14: G
A15: 1 | B15: YPYDVPDYAG | C15: GSGSGSG | D15: SGSGSGP | E15: GSGSGPL | F15: SGSGPLA | G15: GSGPLAE | H15: SGPLAEQ | I15: GPLAEQF | J15: PLAEQFL | K15: LAEQFLN | L15: AEQFLNQ | M15: EQFLNQV | N15: QFLNQVD | O15: FLNQVDL | P15: LNQVDLT | Q15: NQVDLTE | R15: QVDLTET | S15: VDLTETL | T15: DLTETLE | U15: LTETLER | V15: TETLERY | W15: ETLERYQ | X15: TLERYQQ | Y15: LERYQQR | Z15: ERYQQRL | AA15: RYQQRLN | AB15: YQQRLNT | AC15: QQRLNTY | AD15: QRLNTYA | AE15: RLNTYAL | AF15: LNTYALV | AG15: NTYALVS | AH15: TYALVSK | AI15: YALVSKD | AJ15: ALVSKDL | AK15: LVSKDLA | AL15: VSKDLAS | AM15: SKDLASY | AN15: KDLASYR | AO15: DLASYRS | AP15: LASYRSF | AQ15: ASYRSFS | AR15: SYRSFSQ | AS15: YRSFSQQ | AT15: RSFSQQL | AU15: SFSQQLK | AV15: FSQQLKA | AW15: SQQLKAQ | AX15: QQLKAQD | AY15: QLKAQDS | AZ15: LKAQDSL | BA15: KAQDSLG | BB15: AQDSLGQ | BC15: QDSLGQQ | BD15: DSLGQQP | BE15: SLGQQPT | BF15: LGQQPTT | BG15: GQQPTTV | BH15: QQPTTVP | BI15: QPTTVPP | BJ15: PTTVPPP | BK15: TTVPPPI | BL15: TVPPPID | BM15: VPPPIDL | BN15: PPPIDLS | BO15: PPIDLSI | BP15: PIDLSIP | BQ15: YPYDVPDYAG
A16: 2 | B16: G | C16: GSGSGSG | D16: SGSGSGP | E16: GSGSGPL | F16: SGSGPLA | G16: GSGPLAE | H16: SGPLAEQ | I16: GPLAEQF | J16: PLAEQFL | K16: LAEQFLN | L16: AEQFLNQ | M16: EQFLNQV | N16: QFLNQVD | O16: FLNQVDL | P16: LNQVDLT | Q16: NQVDLTE | R16: QVDLTET | S16: VDLTETL | T16: DLTETLE | U16: LTETLER | V16: TETLERY | W16: ETLERYQ | X16: TLERYQQ | Y16: LERYQQR | Z16: ERYQQRL | AA16: RYQQRLN | AB16: YQQRLNT | AC16: QQRLNTY | AD16: QRLNTYA | AE16: RLNTYAL | AF16: LNTYALV | AG16: NTYALVS | AH16: TYALVSK | AI16: YALVSKD | AJ16: ALVSKDL | AK16: LVSKDLA | AL16: VSKDLAS | AM16: SKDLASY | AN16: KDLASYR | AO16: DLASYRS | AP16: LASYRSF | AQ16: ASYRSFS | AR16: SYRSFSQ | AS16: YRSFSQQ | AT16: RSFSQQL | AU16: SFSQQLK | AV16: FSQQLKA | AW16: SQQLKAQ | AX16: QQLKAQD | AY16: QLKAQDS | AZ16: LKAQDSL | BA16: KAQDSLG | BB16: AQDSLGQ | BC16: QDSLGQQ | BD16: DSLGQQP | BE16: SLGQQPT | BF16: LGQQPTT | BG16: GQQPTTV | BH16: QQPTTVP | BI16: QPTTVPP | BJ16: PTTVPPP | BK16: TTVPPPI | BL16: TVPPPID | BM16: VPPPIDL | BN16: PPPIDLS | BO16: PPIDLSI | BP16: PIDLSIP | BQ16: G
A17: 3 | B17: YPYDVPDYAG | C17: IDLSIPH | D17: DLSIPHV | E17: LSIPHVW | F17: SIPHVWM | G17: IPHVWMP | H17: PHVWMPP | I17: HVWMPPQ | J17: VWMPPQT | K17: WMPPQTT | L17: MPPQTTP | M17: PPQTTPH | N17: PQTTPHD | O17: QTTPHDW | P17: TTPHDWK | Q17: TPHDWKG | R17: PHDWKGS | S17: HDWKGSH | T17: DWKGSHT | U17: WKGSHTT | V17: KGSHTTS | W17: GSHTTSG | X17: SHTTSGL | Y17: HTTSGLH | Z17: TTSGLHR | AA17: TSGLHRP | AB17: SGLHRPH | AC17: GLHRPHF | AD17: LHRPHFN | AE17: HRPHFNQ | AF17: RPHFNQT | AG17: PHFNQTC | AH17: HFNQTCI | AI17: FNQTCIL | AJ17: NQTCILF | AK17: QTCILFD | AL17: TCILFDG | AM17: CILFDGH | AN17: ILFDGHD | AO17: LFDGHDL | AP17: FDGHDLL | AQ17: DGHDLLF | AR17: GHDLLFS | AS17: HDLLFST | AT17: DLLFSTV | AU17: LLFSTVT | AV17: LFSTVTP | AW17: FSTVTPC | AX17: STVTPCL | AY17: TVTPCLH | AZ17: VTPCLHQ | BA17: TPCLHQG | BB17: PCLHQGF | BC17: CLHQGFY | BD17: LHQGFYL | BE17: HQGFYLM | BF17: QGFYLMD | BG17: GFYLMDE | BH17: FYLMDEL | BI17: YLMDELR | BJ17: LMDELRY | BK17: MDELRYV | BL17: DELRYVK | BM17: ELRYVKI | BN17: LRYVKIT | BO17: RYVKITL | BP17: YVKITLT | BQ17: YPYDVPDYAG
A18: 4 | B18: G | C18: IDLSIPH | D18: DLSIPHV | E18: LSIPHVW | F18: SIPHVWM | G18: IPHVWMP | H18: PHVWMPP | I18: HVWMPPQ | J18: VWMPPQT | K18: WMPPQTT | L18: MPPQTTP | M18: PPQTTPH | N18: PQTTPHD | O18: QTTPHDW | P18: TTPHDWK | Q18: TPHDWKG | R18: PHDWKGS | S18: HDWKGSH | T18: DWKGSHT | U18: WKGSHTT | V18: KGSHTTS | W18: GSHTTSG | X18: SHTTSGL | Y18: HTTSGLH | Z18: TTSGLHR | AA18: TSGLHRP | AB18: SGLHRPH | AC18: GLHRPHF | AD18: LHRPHFN | AE18: HRPHFNQ | AF18: RPHFNQT | AG18: PHFNQTC | AH18: HFNQTCI | AI18: FNQTCIL | AJ18: NQTCILF | AK18: QTCILFD | AL18: TCILFDG | AM18: CILFDGH | AN18: ILFDGHD | AO18: LFDGHDL | AP18: FDGHDLL | AQ18: DGHDLLF | AR18: GHDLLFS | AS18: HDLLFST | AT18: DLLFSTV | AU18: LLFSTVT | AV18: LFSTVTP | AW18: FSTVTPC | AX18: STVTPCL | AY18: TVTPCLH | AZ18: VTPCLHQ | BA18: TPCLHQG | BB18: PCLHQGF | BC18: CLHQGFY | BD18: LHQGFYL | BE18: HQGFYLM | BF18: QGFYLMD | BG18: GFYLMDE | BH18: FYLMDEL | BI18: YLMDELR | BJ18: LMDELRY | BK18: MDELRYV | BL18: DELRYVK | BM18: ELRYVKI | BN18: LRYVKIT | BO18: RYVKITL | BP18: YVKITLT | BQ18: G
A19: 5 | B19: YPYDVPDYAG | C19: VKITLTE | D19: KITLTED | E19: ITLTEDF | F19: TLTEDFF | G19: LTEDFFV | H19: TEDFFVV | I19: EDFFVVT | J19: DFFVVTV | K19: FFVVTVS | L19: FVVTVSI | M19: VVTVSID | N19: VTVSIDD | O19: TVSIDDD | P19: VSIDDDT | Q19: SIDDDTP | R19: IDDDTPM | S19: DDDTPML | T19: DDTPMLL | U19: DTPMLLI | V19: TPMLLIF | W19: PMLLIFG | X19: MLLIFGH | Y19: LLIFGHL | Z19: LIFGHLP | AA19: IFGHLPR | AB19: FGHLPRV | AC19: GHLPRVL | AD19: HLPRVLF | AE19: LPRVLFK | AF19: PRVLFKA | AG19: RVLFKAP | AH19: VLFKAPY | AI19: LFKAPYQ | AJ19: FKAPYQR | AK19: KAPYQRD | AL19: APYQRDN | AM19: PYQRDNF | AN19: YQRDNFI | AO19: QRDNFIL | AP19: RDNFILR | AQ19: DNFILRQ | AR19: NFILRQT | AS19: FILRQTE | AT19: ILRQTEK | AU19: LRQTEKH | AV19: RQTEKHE | AW19: QTEKHEL | AX19: TEKHELL | AY19: EKHELLV | AZ19: KHELLVL | BA19: HELLVLV | BB19: ELLVLVK | BC19: LLVLVKK | BD19: LVLVKKT | BE19: VLVKKTQ | BF19: LVKKTQL | BG19: VKKTQLN | BH19: KKTQLNR | BI19: KTQLNRH | BJ19: TQLNRHS | BK19: QLNRHSY | BL19: LNRHSYL | BM19: NRHSYLK | BN19: RHSYLKD | BO19: HSYLKDS | BP19: SYLKDSD | BQ19: YPYDVPDYAG
A20: 6 | B20: G | C20: VKITLTE | D20: KITLTED | E20: ITLTEDF | F20: TLTEDFF | G20: LTEDFFV | H20: TEDFFVV | I20: EDFFVVT | J20: DFFVVTV | K20: FFVVTVS | L20: FVVTVSI | M20: VVTVSID | N20: VTVSIDD | O20: TVSIDDD | P20: VSIDDDT | Q20: SIDDDTP | R20: IDDDTPM | S20: DDDTPML | T20: DDTPMLL | U20: DTPMLLI | V20: TPMLLIF | W20: PMLLIFG | X20: MLLIFGH | Y20: LLIFGHL | Z20: LIFGHLP | AA20: IFGHLPR | AB20: FGHLPRV | AC20: GHLPRVL | AD20: HLPRVLF | AE20: LPRVLFK | AF20: PRVLFKA | AG20: RVLFKAP | AH20: VLFKAPY | AI20: LFKAPYQ | AJ20: FKAPYQR | AK20: KAPYQRD | AL20: APYQRDN | AM20: PYQRDNF | AN20: YQRDNFI | AO20: QRDNFIL | AP20: RDNFILR | AQ20: DNFILRQ | AR20: NFILRQT | AS20: FILRQTE | AT20: ILRQTEK | AU20: LRQTEKH | AV20: RQTEKHE | AW20: QTEKHEL | AX20: TEKHELL | AY20: EKHELLV | AZ20: KHELLVL | BA20: HELLVLV | BB20: ELLVLVK | BC20: LLVLVKK | BD20: LVLVKKT | BE20: VLVKKTQ | BF20: LVKKTQL | BG20: VKKTQLN | BH20: KKTQLNR | BI20: KTQLNRH | BJ20: TQLNRHS | BK20: QLNRHSY | BL20: LNRHSYL | BM20: NRHSYLK | BN20: RHSYLKD | BO20: HSYLKDS | BP20: SYLKDSD | BQ20: G
A21: 7 | B21: YPYDVPDYAG | C21: YLKDSDF | D21: LKDSDFL | E21: KDSDFLD | F21: DSDFLDA | G21: SDFLDAA | H21: DFLDAAL | I21: FLDAALD | J21: LDAALDF | K21: DAALDFN | L21: AALDFNY | M21: ALDFNYL | N21: LDFNYLD | O21: DFNYLDL | P21: FNYLDLS | Q21: NYLDLSA | R21: YLDLSAL | S21: LDLSALL | T21: DLSALLR | U21: LSALLRN | V21: SALLRNS | W21: ALLRNSF | X21: LLRNSFH | Y21: LRNSFHR | Z21: RNSFHRY | AA21: NSFHRYA | AB21: SFHRYAV | AC21: FHRYAVD | AD21: HRYAVDV | AE21: RYAVDVL | AF21: YAVDVLK | AG21: AVDVLKS | AH21: VDVLKSG | AI21: DVLKSGR | AJ21: VLKSGRC | AK21: LKSGRCQ | AL21: KSGRCQM | AM21: SGRCQML | AN21: GRCQMLD | AO21: RCQMLDR | AP21: CQMLDRR | AQ21: QMLDRRT | AR21: MLDRRTV | AS21: LDRRTVE | AT21: DRRTVEM | AU21: RRTVEMA | AV21: RTVEMAF | AW21: TVEMAFA | AX21: VEMAFAY | AY21: EMAFAYA | AZ21: MAFAYAL | BA21: AFAYALA | BB21: FAYALAL | BC21: AYALALF | BD21: YALALFA | BE21: ALALFAA | BF21: LALFAAA | BG21: ALFAAAR | BH21: LFAAARQ | BI21: FAAARQE | BJ21: AAARQEE | BK21: AARQEEA | BL21: ARQEEAG | BM21: RQEEAGT | BN21: QEEAGTE | BO21: EEAGTEI | BP21: EAGTEIS | BQ21: YPYDVPDYAG
A22: 8 | B22: G | C22: YLKDSDF | D22: LKDSDFL | E22: KDSDFLD | F22: DSDFLDA | G22: SDFLDAA | H22: DFLDAAL | I22: FLDAALD | J22: LDAALDF | K22: DAALDFN | L22: AALDFNY | M22: ALDFNYL | N22: LDFNYLD | O22: DFNYLDL | P22: FNYLDLS | Q22: NYLDLSA | R22: YLDLSAL | S22: LDLSALL | T22: DLSALLR | U22: LSALLRN | V22: SALLRNS | W22: ALLRNSF | X22: LLRNSFH | Y22: LRNSFHR | Z22: RNSFHRY | AA22: NSFHRYA | AB22: SFHRYAV | AC22: FHRYAVD | AD22: HRYAVDV | AE22: RYAVDVL | AF22: YAVDVLK | AG22: AVDVLKS | AH22: VDVLKSG | AI22: DVLKSGR | AJ22: VLKSGRC | AK22: LKSGRCQ | AL22: KSGRCQM | AM22: SGRCQML | AN22: GRCQMLD | AO22: RCQMLDR | AP22: CQMLDRR | AQ22: QMLDRRT | AR22: MLDRRTV | AS22: LDRRTVE | AT22: DRRTVEM | AU22: RRTVEMA | AV22: RTVEMAF | AW22: TVEMAFA | AX22: VEMAFAY | AY22: EMAFAYA | AZ22: MAFAYAL | BA22: AFAYALA | BB22: FAYALAL | BC22: AYALALF | BD22: YALALFA | BE22: ALALFAA | BF22: LALFAAA | BG22: ALFAAAR | BH22: LFAAARQ | BI22: FAAARQE | BJ22: AAARQEE | BK22: AARQEEA | BL22: ARQEEAG | BM22: RQEEAGT | BN22: QEEAGTE | BO22: EEAGTEI | BP22: EAGTEIS | BQ22: G
A23: 9 | B23: YPYDVPDYAG | C23: AGTEISI | D23: GTEISIP | E23: TEISIPR | F23: EISIPRA | G23: ISIPRAL | H23: SIPRALD | I23: IPRALDR | J23: PRALDRQ | K23: RALDRQA | L23: ALDRQAA | M23: LDRQAAL | N23: DRQAALL | O23: RQAALLQ | P23: QAALLQI | Q23: AALLQIQ | R23: ALLQIQE | S23: LLQIQEF | T23: LQIQEFM | U23: QIQEFMI | V23: IQEFMIT | W23: QEFMITC | X23: EFMITCL | Y23: FMITCLS | Z23: MITCLSQ | AA23: ITCLSQT | AB23: TCLSQTP | AC23: CLSQTPP | AD23: LSQTPPR | AE23: SQTPPRT | AF23: QTPPRTT | AG23: TPPRTTL | AH23: PPRTTLL | AI23: PRTTLLL | AJ23: RTTLLLY | AK23: TTLLLYP | AL23: TLLLYPT | AM23: LLLYPTA | AN23: LLYPTAV | AO23: LYPTAVD | AP23: YPTAVDL | AQ23: PTAVDLA | AR23: TAVDLAK | AS23: AVDLAKR | AT23: VDLAKRA | AU23: DLAKRAL | AV23: LAKRALW | AW23: AKRALWT | AX23: KRALWTP | AY23: RALWTPD | AZ23: ALWTPDQ | BA23: LWTPDQI | BB23: WTPDQIT | BC23: TPDQITD | BD23: PDQITDI | BE23: DQITDIT | BF23: QITDITS | BG23: ITDITSL | BH23: TDITSLV | BI23: DITSLVR | BJ23: ITSLVRL | BK23: TSLVRLV | BL23: SLVRLVY | BM23: LVRLVYI | BN23: VRLVYIL | BO23: RLVYILS | BP23: LVYILSK | BQ23: YPYDVPDYAG
A24: 10 | B24: G | C24: AGTEISI | D24: GTEISIP | E24: TEISIPR | F24: EISIPRA | G24: ISIPRAL | H24: SIPRALD | I24: IPRALDR | J24: PRALDRQ | K24: RALDRQA | L24: ALDRQAA | M24: LDRQAAL | N24: DRQAALL | O24: RQAALLQ | P24: QAALLQI | Q24: AALLQIQ | R24: ALLQIQE | S24: LLQIQEF | T24: LQIQEFM | U24: QIQEFMI | V24: IQEFMIT | W24: QEFMITC | X24: EFMITCL | Y24: FMITCLS | Z24: MITCLSQ | AA24: ITCLSQT | AB24: TCLSQTP | AC24: CLSQTPP | AD24: LSQTPPR | AE24: SQTPPRT | AF24: QTPPRTT | AG24: TPPRTTL | AH24: PPRTTLL | AI24: PRTTLLL | AJ24: RTTLLLY | AK24: TTLLLYP | AL24: TLLLYPT | AM24: LLLYPTA | AN24: LLYPTAV | AO24: LYPTAVD | AP24: YPTAVDL | AQ24: PTAVDLA | AR24: TAVDLAK | AS24: AVDLAKR | AT24: VDLAKRA | AU24: DLAKRAL | AV24: LAKRALW | AW24: AKRALWT | AX24: KRALWTP | AY24: RALWTPD | AZ24: ALWTPDQ | BA24: LWTPDQI | BB24: WTPDQIT | BC24: TPDQITD | BD24: PDQITDI | BE24: DQITDIT | BF24: QITDITS | BG24: ITDITSL | BH24: TDITSLV | BI24: DITSLVR | BJ24: ITSLVRL | BK24: TSLVRLV | BL24: SLVRLVY | BM24: LVRLVYI | BN24: VRLVYIL | BO24: RLVYILS | BP24: LVYILSK | BQ24: G
A25: 11 | B25: YPYDVPDYAG | C25: VYILSKQ | D25: YILSKQN | E25: ILSKQNQ | F25: LSKQNQQ | G25: SKQNQQH | H25: KQNQQHL | I25: QNQQHLI | J25: NQQHLIP | K25: QQHLIPQ | L25: QHLIPQW | M25: HLIPQWA | N25: LIPQWAL | O25: IPQWALR | P25: PQWALRQ | Q25: QWALRQI | R25: WALRQIA | S25: ALRQIAD | T25: LRQIADF | U25: RQIADFA | V25: QIADFAL | W25: IADFALQ | X25: ADFALQL | Y25: DFALQLH | Z25: FALQLHK | AA25: ALQLHKT | AB25: LQLHKTH | AC25: QLHKTHL | AD25: LHKTHLA | AE25: HKTHLAS | AF25: KTHLASF | AG25: THLASFL | AH25: HLASFLS | AI25: LASFLSA | AJ25: ASFLSAF | AK25: SFLSAFA | AL25: FLSAFAR | AM25: LSAFARQ | AN25: SAFARQE | AO25: AFARQEL | AP25: FARQELY | AQ25: ARQELYL | AR25: RQELYLM | AS25: QELYLMG | AT25: ELYLMGS | AU25: LYLMGSL | AV25: YLMGSLV | AW25: LMGSLVH | AX25: MGSLVHS | AY25: GSLVHSM | AZ25: SLVHSML | BA25: LVHSMLV | BB25: VHSMLVH | BC25: HSMLVHT | BD25: SMLVHTT | BE25: MLVHTTE | BF25: LVHTTER | BG25: VHTTERR | BH25: HTTERRE | BI25: TTERREI | BJ25: TERREIF | BK25: ERREIFI | BL25: RREIFIV | BM25: REIFIVE | BN25: EIFIVET | BO25: IFIVETG | BP25: FIVETGL | BQ25: YPYDVPDYAG
A26: 12 | B26: G | C26: VYILSKQ | D26: YILSKQN | E26: ILSKQNQ | F26: LSKQNQQ | G26: SKQNQQH | H26: KQNQQHL | I26: QNQQHLI | J26: NQQHLIP | K26: QQHLIPQ | L26: QHLIPQW | M26: HLIPQWA | N26: LIPQWAL | O26: IPQWALR | P26: PQWALRQ | Q26: QWALRQI | R26: WALRQIA | S26: ALRQIAD | T26: LRQIADF | U26: RQIADFA | V26: QIADFAL | W26: IADFALQ | X26: ADFALQL | Y26: DFALQLH | Z26: FALQLHK | AA26: ALQLHKT | AB26: LQLHKTH | AC26: QLHKTHL | AD26: LHKTHLA | AE26: HKTHLAS | AF26: KTHLASF | AG26: THLASFL | AH26: HLASFLS | AI26: LASFLSA | AJ26: ASFLSAF | AK26: SFLSAFA | AL26: FLSAFAR | AM26: LSAFARQ | AN26: SAFARQE | AO26: AFARQEL | AP26: FARQELY | AQ26: ARQELYL | AR26: RQELYLM | AS26: QELYLMG | AT26: ELYLMGS | AU26: LYLMGSL | AV26: YLMGSLV | AW26: LMGSLVH | AX26: MGSLVHS | AY26: GSLVHSM | AZ26: SLVHSML | BA26: LVHSMLV | BB26: VHSMLVH | BC26: HSMLVHT | BD26: SMLVHTT | BE26: MLVHTTE | BF26: LVHTTER | BG26: VHTTERR | BH26: HTTERRE | BI26: TTERREI | BJ26: TERREIF | BK26: ERREIFI | BL26: RREIFIV | BM26: REIFIVE | BN26: EIFIVET | BO26: IFIVETG | BP26: FIVETGL | BQ26: G
... A32: 18 | B32: G | C32: QSKCELT | D32: SKCELTR | E32: KCELTRN | F32: CELTRNM | G32: ELTRNMH | H32: LTRNMHT | I32: TRNMHTT | J32: RNMHTTH | K32: NMHTTHS | L32: MHTTHSI | M32: HTTHSIT | N32: TTHSITA | O32: THSITAA | P32: HSITAAL | Q32: SITAALN | R32: ITAALNI | S32: TAALNIS | T32: AALNISL | U32: ALNISLE | V32: LNISLEN | W32: NISLENC | X32: ISLENCA | Y32: SLENCAF | Z32: LENCAFC | AA32: ENCAFCQ | AB32: NCAFCQS | AC32: CAFCQSA | AD32: AFCQSAL | AE32: FCQSALL | AF32: CQSALLE | AG32: QSALLEY | AH32: SALLEYD | AI32: ALLEYDD | AJ32: LLEYDDT | AK32: LEYDDTQ | AL32: EYDDTQG | AM32: YDDTQGV | AN32: DDTQGVI | AO32: DTQGVIN | AP32: TQGVINI | AQ32: QGVINIM | AR32: GVINIMY | AS32: VINIMYM | AT32: INIMYMH | AU32: NIMYMHD | AV32: IMYMHDS | AW32: MYMHDSD | AX32: YMHDSDD | AY32: MHDSDDV | AZ32: HDSDDVL | BA32: DSDDVLF | BB32: SDDVLFA | BC32: DDVLFAL | BD32: DVLFALD | BE32: VLFALDP | BF32: LFALDPY | BG32: FALDPYN | BH32: ALDPYNE | BI32: LDPYNEV | BJ32: DPYNEVV | BK32: PYNEVVV | BL32: YNEVVVS | BM32: NEVVVSS | BN32: EVVVSSP | BO32: VVVSSPR | BP32: VVSSPRT | BQ32: G
A33: 19 | B33: YPYDVPDYAG | C33: VSSPRTH | D33: SSPRTHY | E33: SPRTHYL | F33: PRTHYLM | G33: RTHYLML | H33: THYLMLL | I33: HYLMLLK | J33: YLMLLKG | K33: LMLLKGS | L33: MLLKGSG | M33: LLKGSGS | N33: LKGSGSG | O33: KGSGSGS | P33: GSGSGSG | BQ33: YPYDVPDYAG
A34: 20 | B34: G | C34: VSSPRTH | D34: SSPRTHY | E34: SPRTHYL | F34: PRTHYLM | G34: RTHYLML | H34: THYLMLL | I34: HYLMLLK | J34: YLMLLKG | K34: LMLLKGS | L34: MLLKGSG | M34: LLKGSGS | N34: LKGSGSG | O34: KGSGSGS | P34: GSGSGSG | BQ34: G
A35: 21 | B35: YPYDVPDYAG | C35: GSGSGSGPLA | D35: SGSGSGPLAE | E35: GSGSGPLAEQ | F35: SGSGPLAEQF | G35: GSGPLAEQFL | H35: SGPLAEQFLN | I35: GPLAEQFLNQ | J35: PLAEQFLNQV | K35: LAEQFLNQVD | L35: AEQFLNQVDL | M35: EQFLNQVDLT | N35: QFLNQVDLTE | O35: FLNQVDLTET | P35: LNQVDLTETL | Q35: NQVDLTETLE | R35: QVDLTETLER | S35: VDLTETLERY | T35: DLTETLERYQ | U35: LTETLERYQQ | V35: TETLERYQQR | W35: ETLERYQQRL | X35: TLERYQQRLN | Y35: LERYQQRLNT | Z35: ERYQQRLNTY | AA35: RYQQRLNTYA | AB35: YQQRLNTYAL | AC35: QQRLNTYALV | AD35: QRLNTYALVS | AE35: RLNTYALVSK | AF35: LNTYALVSKD | AG35: NTYALVSKDL | AH35: TYALVSKDLA | AI35: YALVSKDLAS | AJ35: ALVSKDLASY | AK35: LVSKDLASYR | AL35: VSKDLASYRS | AM35: SKDLASYRSF | AN35: KDLASYRSFS | AO35: DLASYRSFSQ | AP35: LASYRSFSQQ | AQ35: ASYRSFSQQL | AR35: SYRSFSQQLK | AS35: YRSFSQQLKA | AT35: RSFSQQLKAQ | AU35: SFSQQLKAQD | AV35: FSQQLKAQDS | AW35: SQQLKAQDSL | AX35: QQLKAQDSLG | AY35: QLKAQDSLGQ | AZ35: LKAQDSLGQQ | BA35: KAQDSLGQQP | BB35: AQDSLGQQPT | BC35: QDSLGQQPTT | BD35: DSLGQQPTTV | BE35: SLGQQPTTVP | BF35: LGQQPTTVPP | BG35: GQQPTTVPPP | BH35: QQPTTVPPPI | BI35: QPTTVPPPID | BJ35: PTTVPPPIDL | BK35: TTVPPPIDLS | BL35: TVPPPIDLSI | BM35: VPPPIDLSIP | BN35: PPPIDLSIPH | BO35: PPIDLSIPHV | BP35: PIDLSIPHVW | BQ35: YPYDVPDYAG
A36: 22 | B36: G | C36: GSGSGSGPLA | D36: SGSGSGPLAE | E36: GSGSGPLAEQ | F36: SGSGPLAEQF | G36: GSGPLAEQFL | H36: SGPLAEQFLN | I36: GPLAEQFLNQ | J36: PLAEQFLNQV | K36: LAEQFLNQVD | L36: AEQFLNQVDL | M36: EQFLNQVDLT | N36: QFLNQVDLTE | O36: FLNQVDLTET | P36: LNQVDLTETL | Q36: NQVDLTETLE | R36: QVDLTETLER | S36: VDLTETLERY | T36: DLTETLERYQ | U36: LTETLERYQQ | V36: TETLERYQQR | W36: ETLERYQQRL | X36: TLERYQQRLN | Y36: LERYQQRLNT | Z36: ERYQQRLNTY | AA36: RYQQRLNTYA | AB36: YQQRLNTYAL | AC36: QQRLNTYALV | AD36: QRLNTYALVS | AE36: RLNTYALVSK | AF36: LNTYALVSKD | AG36: NTYALVSKDL | AH36: TYALVSKDLA | AI36: YALVSKDLAS | AJ36: ALVSKDLASY | AK36: LVSKDLASYR | AL36: VSKDLASYRS | AM36: SKDLASYRSF | AN36: KDLASYRSFS | AO36: DLASYRSFSQ | AP36: LASYRSFSQQ | AQ36: ASYRSFSQQL | AR36: SYRSFSQQLK | AS36: YRSFSQQLKA | AT36: RSFSQQLKAQ | AU36: SFSQQLKAQD | AV36: FSQQLKAQDS | AW36: SQQLKAQDSL | AX36: QQLKAQDSLG | AY36: QLKAQDSLGQ | AZ36: LKAQDSLGQQ | BA36: KAQDSLGQQP | BB36: AQDSLGQQPT | BC36: QDSLGQQPTT | BD36: DSLGQQPTTV | BE36: SLGQQPTTVP | BF36: LGQQPTTVPP | BG36: GQQPTTVPPP | BH36: QQPTTVPPPI | BI36: QPTTVPPPID | BJ36: PTTVPPPIDL | BK36: TTVPPPIDLS | BL36: TVPPPIDLSI | BM36: VPPPIDLSIP | BN36: PPPIDLSIPH | BO36: PPIDLSIPHV | BP36: PIDLSIPHVW | BQ36: G
A37: 23 | B37: YPYDVPDYAG | C37: IDLSIPHVWM | D37: DLSIPHVWMP | E37: LSIPHVWMPP | F37: SIPHVWMPPQ | G37: IPHVWMPPQT | H37: PHVWMPPQTT | I37: HVWMPPQTTP | J37: VWMPPQTTPH | K37: WMPPQTTPHD | L37: MPPQTTPHDW | M37: PPQTTPHDWK | N37: PQTTPHDWKG | O37: QTTPHDWKGS | P37: TTPHDWKGSH | Q37: TPHDWKGSHT | R37: PHDWKGSHTT | S37: HDWKGSHTTS | T37: DWKGSHTTSG | U37: WKGSHTTSGL | V37: KGSHTTSGLH | W37: GSHTTSGLHR | X37: SHTTSGLHRP | Y37: HTTSGLHRPH | Z37: TTSGLHRPHF | AA37: TSGLHRPHFN | AB37: SGLHRPHFNQ | AC37: GLHRPHFNQT | AD37: LHRPHFNQTC | AE37: HRPHFNQTCI | AF37: RPHFNQTCIL | AG37: PHFNQTCILF | AH37: HFNQTCILFD | AI37: FNQTCILFDG | AJ37: NQTCILFDGH | AK37: QTCILFDGHD | AL37: TCILFDGHDL | AM37: CILFDGHDLL | AN37: ILFDGHDLLF | AO37: LFDGHDLLFS | AP37: FDGHDLLFST | AQ37: DGHDLLFSTV | AR37: GHDLLFSTVT | AS37: HDLLFSTVTP | AT37: DLLFSTVTPC | AU37: LLFSTVTPCL | AV37: LFSTVTPCLH | AW37: FSTVTPCLHQ | AX37: STVTPCLHQG | AY37: TVTPCLHQGF | AZ37: VTPCLHQGFY | BA37: TPCLHQGFYL | BB37: PCLHQGFYLM | BC37: CLHQGFYLMD | BD37: LHQGFYLMDE | BE37: HQGFYLMDEL | BF37: QGFYLMDELR | BG37: GFYLMDELRY | BH37: FYLMDELRYV | BI37: YLMDELRYVK | BJ37: LMDELRYVKI | BK37: MDELRYVKIT | BL37: DELRYVKITL | BM37: ELRYVKITLT | BN37: LRYVKITLTE | BO37: RYVKITLTED | BP37: YVKITLTEDF | BQ37: YPYDVPDYAG
A38: 24 | B38: G | C38: IDLSIPHVWM | D38: DLSIPHVWMP | E38: LSIPHVWMPP | F38: SIPHVWMPPQ | G38: IPHVWMPPQT | H38: PHVWMPPQTT | I38: HVWMPPQTTP | J38: VWMPPQTTPH | K38: WMPPQTTPHD | L38: MPPQTTPHDW | M38: PPQTTPHDWK | N38: PQTTPHDWKG | O38: QTTPHDWKGS | P38: TTPHDWKGSH | Q38: TPHDWKGSHT | R38: PHDWKGSHTT | S38: HDWKGSHTTS | T38: DWKGSHTTSG | U38: WKGSHTTSGL | V38: KGSHTTSGLH | W38: GSHTTSGLHR | X38: SHTTSGLHRP | Y38: HTTSGLHRPH | Z38: TTSGLHRPHF | AA38: TSGLHRPHFN | AB38: SGLHRPHFNQ | AC38: GLHRPHFNQT | AD38: LHRPHFNQTC | AE38: HRPHFNQTCI | AF38: RPHFNQTCIL | AG38: PHFNQTCILF | AH38: HFNQTCILFD | AI38: FNQTCILFDG | AJ38: NQTCILFDGH | AK38: QTCILFDGHD | AL38: TCILFDGHDL | AM38: CILFDGHDLL | AN38: ILFDGHDLLF | AO38: LFDGHDLLFS | AP38: FDGHDLLFST | AQ38: DGHDLLFSTV | AR38: GHDLLFSTVT | AS38: HDLLFSTVTP | AT38: DLLFSTVTPC | AU38: LLFSTVTPCL | AV38: LFSTVTPCLH | AW38: FSTVTPCLHQ | AX38: STVTPCLHQG | AY38: TVTPCLHQGF | AZ38: VTPCLHQGFY | BA38: TPCLHQGFYL | BB38: PCLHQGFYLM | BC38: CLHQGFYLMD | BD38: LHQGFYLMDE | BE38: HQGFYLMDEL | BF38: QGFYLMDELR | BG38: GFYLMDELRY | BH38: FYLMDELRYV | BI38: YLMDELRYVK | BJ38: LMDELRYVKI | BK38: MDELRYVKIT | BL38: DELRYVKITL | BM38: ELRYVKITLT | BN38: LRYVKITLTE | BO38: RYVKITLTED | BP38: YVKITLTEDF | BQ38: G
A39: 25 | B39: YPYDVPDYAG | C39: VKITLTEDFF | D39: KITLTEDFFV | E39: ITLTEDFFVV | F39: TLTEDFFVVT | G39: LTEDFFVVTV | H39: TEDFFVVTVS | I39: EDFFVVTVSI | J39: DFFVVTVSID | K39: FFVVTVSIDD | L39: FVVTVSIDDD | M39: VVTVSIDDDT | N39: VTVSIDDDTP | O39: TVSIDDDTPM | P39: VSIDDDTPML | Q39: SIDDDTPMLL | R39: IDDDTPMLLI | S39: DDDTPMLLIF | T39: DDTPMLLIFG | U39: DTPMLLIFGH | V39: TPMLLIFGHL | W39: PMLLIFGHLP | X39: MLLIFGHLPR | Y39: LLIFGHLPRV | Z39: LIFGHLPRVL | AA39: IFGHLPRVLF | AB39: FGHLPRVLFK | AC39: GHLPRVLFKA | AD39: HLPRVLFKAP | AE39: LPRVLFKAPY | AF39: PRVLFKAPYQ | AG39: RVLFKAPYQR | AH39: VLFKAPYQRD | AI39: LFKAPYQRDN | AJ39: FKAPYQRDNF | AK39: KAPYQRDNFI | AL39: APYQRDNFIL | AM39: PYQRDNFILR | AN39: YQRDNFILRQ | AO39: QRDNFILRQT | AP39: RDNFILRQTE | AQ39: DNFILRQTEK | AR39: NFILRQTEKH | AS39: FILRQTEKHE | AT39: ILRQTEKHEL | AU39: LRQTEKHELL | AV39: RQTEKHELLV | AW39: QTEKHELLVL | AX39: TEKHELLVLV | AY39: EKHELLVLVK | AZ39: KHELLVLVKK | BA39: HELLVLVKKT | BB39: ELLVLVKKTQ | BC39: LLVLVKKTQL | BD39: LVLVKKTQLN | BE39: VLVKKTQLNR | BF39: LVKKTQLNRH | BG39: VKKTQLNRHS | BH39: KKTQLNRHSY | BI39: KTQLNRHSYL | BJ39: TQLNRHSYLK | BK39: QLNRHSYLKD | BL39: LNRHSYLKDS | BM39: NRHSYLKDSD | BN39: RHSYLKDSDF | BO39: HSYLKDSDFL | BP39: SYLKDSDFLD | BQ39: YPYDVPDYAG
A40: 26 | B40: G | C40: VKITLTEDFF | D40: KITLTEDFFV | E40: ITLTEDFFVV | F40: TLTEDFFVVT | G40: LTEDFFVVTV | H40: TEDFFVVTVS | I40: EDFFVVTVSI | J40: DFFVVTVSID | K40: FFVVTVSIDD | L40: FVVTVSIDDD | M40: VVTVSIDDDT | N40: VTVSIDDDTP | O40: TVSIDDDTPM | P40: VSIDDDTPML | Q40: SIDDDTPMLL | R40: IDDDTPMLLI | S40: DDDTPMLLIF | T40: DDTPMLLIFG | U40: DTPMLLIFGH | V40: TPMLLIFGHL | W40: PMLLIFGHLP | X40: MLLIFGHLPR | Y40: LLIFGHLPRV | Z40: LIFGHLPRVL | AA40: IFGHLPRVLF | AB40: FGHLPRVLFK | AC40: GHLPRVLFKA | AD40: HLPRVLFKAP | AE40: LPRVLFKAPY | AF40: PRVLFKAPYQ | AG40: RVLFKAPYQR | AH40: VLFKAPYQRD | AI40: LFKAPYQRDN | AJ40: FKAPYQRDNF | AK40: KAPYQRDNFI | AL40: APYQRDNFIL | AM40: PYQRDNFILR | AN40: YQRDNFILRQ | AO40: QRDNFILRQT | AP40: RDNFILRQTE | AQ40: DNFILRQTEK | AR40: NFILRQTEKH | AS40: FILRQTEKHE | AT40: ILRQTEKHEL | AU40: LRQTEKHELL | AV40: RQTEKHELLV | AW40: QTEKHELLVL | AX40: TEKHELLVLV | AY40: EKHELLVLVK | AZ40: KHELLVLVKK | BA40: HELLVLVKKT | BB40: ELLVLVKKTQ | BC40: LLVLVKKTQL | BD40: LVLVKKTQLN | BE40: VLVKKTQLNR | BF40: LVKKTQLNRH | BG40: VKKTQLNRHS | BH40: KKTQLNRHSY | BI40: KTQLNRHSYL | BJ40: TQLNRHSYLK | BK40: QLNRHSYLKD | BL40: LNRHSYLKDS | BM40: NRHSYLKDSD | BN40: RHSYLKDSDF | BO40: HSYLKDSDFL | BP40: SYLKDSDFLD | BQ40: G
A41: 27 | B41: YPYDVPDYAG | C41: YLKDSDFLDA | D41: LKDSDFLDAA | E41: KDSDFLDAAL | F41: DSDFLDAALD | G41: SDFLDAALDF | H41: DFLDAALDFN | I41: FLDAALDFNY | J41: LDAALDFNYL | K41: DAALDFNYLD | L41: AALDFNYLDL | M41: ALDFNYLDLS | N41: LDFNYLDLSA | O41: DFNYLDLSAL | P41: FNYLDLSALL | Q41: NYLDLSALLR | R41: YLDLSALLRN | S41: LDLSALLRNS | T41: DLSALLRNSF | U41: LSALLRNSFH | V41: SALLRNSFHR | W41: ALLRNSFHRY | X41: LLRNSFHRYA | Y41: LRNSFHRYAV | Z41: RNSFHRYAVD | AA41: NSFHRYAVDV | AB41: SFHRYAVDVL | AC41: FHRYAVDVLK | AD41: HRYAVDVLKS | AE41: RYAVDVLKSG | AF41: YAVDVLKSGR | AG41: AVDVLKSGRC | AH41: VDVLKSGRCQ | AI41: DVLKSGRCQM | AJ41: VLKSGRCQML | AK41: LKSGRCQMLD | AL41: KSGRCQMLDR | AM41: SGRCQMLDRR | AN41: GRCQMLDRRT | AO41: RCQMLDRRTV | AP41: CQMLDRRTVE | AQ41: QMLDRRTVEM | AR41: MLDRRTVEMA | AS41: LDRRTVEMAF | AT41: DRRTVEMAFA | AU41: RRTVEMAFAY | AV41: RTVEMAFAYA | AW41: TVEMAFAYAL | AX41: VEMAFAYALA | AY41: EMAFAYALAL | AZ41: MAFAYALALF | BA41: AFAYALALFA | BB41: FAYALALFAA | BC41: AYALALFAAA | BD41: YALALFAAAR | BE41: ALALFAAARQ | BF41: LALFAAARQE | BG41: ALFAAARQEE | BH41: LFAAARQEEA | BI41: FAAARQEEAG | BJ41: AAARQEEAGT | BK41: AARQEEAGTE | BL41: ARQEEAGTEI | BM41: RQEEAGTEIS | BN41: QEEAGTEISI | BO41: EEAGTEISIP | BP41: EAGTEISIPR | BQ41: YPYDVPDYAG
A42: 28 | B42: G | C42: YLKDSDFLDA | D42: LKDSDFLDAA | E42: KDSDFLDAAL | F42: DSDFLDAALD | G42: SDFLDAALDF | H42: DFLDAALDFN | I42: FLDAALDFNY | J42: LDAALDFNYL | K42: DAALDFNYLD | L42: AALDFNYLDL | M42: ALDFNYLDLS | N42: LDFNYLDLSA | O42: DFNYLDLSAL | P42: FNYLDLSALL | Q42: NYLDLSALLR | R42: YLDLSALLRN | S42: LDLSALLRNS | T42: DLSALLRNSF | U42: LSALLRNSFH | V42: SALLRNSFHR | W42: ALLRNSFHRY | X42: LLRNSFHRYA | Y42: LRNSFHRYAV | Z42: RNSFHRYAVD | AA42: NSFHRYAVDV | AB42: SFHRYAVDVL | AC42: FHRYAVDVLK | AD42: HRYAVDVLKS | AE42: RYAVDVLKSG | AF42: YAVDVLKSGR | AG42: AVDVLKSGRC | AH42: VDVLKSGRCQ | AI42: DVLKSGRCQM | AJ42: VLKSGRCQML | AK42: LKSGRCQMLD | AL42: KSGRCQMLDR | AM42: SGRCQMLDRR | AN42: GRCQMLDRRT | AO42: RCQMLDRRTV | AP42: CQMLDRRTVE | AQ42: QMLDRRTVEM | AR42: MLDRRTVEMA | AS42: LDRRTVEMAF | AT42: DRRTVEMAFA | AU42: RRTVEMAFAY | AV42: RTVEMAFAYA | AW42: TVEMAFAYAL | AX42: VEMAFAYALA | AY42: EMAFAYALAL | AZ42: MAFAYALALF | BA42: AFAYALALFA | BB42: FAYALALFAA | BC42: AYALALFAAA | BD42: YALALFAAAR | BE42: ALALFAAARQ | BF42: LALFAAARQE | BG42: ALFAAARQEE | BH42: LFAAARQEEA | BI42: FAAARQEEAG | BJ42: AAARQEEAGT | BK42: AARQEEAGTE | BL42: ARQEEAGTEI | BM42: RQEEAGTEIS | BN42: QEEAGTEISI | BO42: EEAGTEISIP | BP42: EAGTEISIPR | BQ42: G
A43: 29 | B43: YPYDVPDYAG | C43: AGTEISIPRA | D43: GTEISIPRAL | E43: TEISIPRALD | F43: EISIPRALDR | G43: ISIPRALDRQ | H43: SIPRALDRQA | I43: IPRALDRQAA | J43: PRALDRQAAL | K43: RALDRQAALL | L43: ALDRQAALLQ | M43: LDRQAALLQI | N43: DRQAALLQIQ | O43: RQAALLQIQE | P43: QAALLQIQEF | Q43: AALLQIQEFM | R43: ALLQIQEFMI | S43: LLQIQEFMIT | T43: LQIQEFMITC | U43: QIQEFMITCL | V43: IQEFMITCLS | W43: QEFMITCLSQ | X43: EFMITCLSQT | Y43: FMITCLSQTP | Z43: MITCLSQTPP | AA43: ITCLSQTPPR | AB43: TCLSQTPPRT | AC43: CLSQTPPRTT | AD43: LSQTPPRTTL | AE43: SQTPPRTTLL | AF43: QTPPRTTLLL | AG43: TPPRTTLLLY | AH43: PPRTTLLLYP | AI43: PRTTLLLYPT | AJ43: RTTLLLYPTA | AK43: TTLLLYPTAV | AL43: TLLLYPTAVD | AM43: LLLYPTAVDL | AN43: LLYPTAVDLA | AO43: LYPTAVDLAK | AP43: YPTAVDLAKR | AQ43: PTAVDLAKRA | AR43: TAVDLAKRAL | AS43: AVDLAKRALW | AT43: VDLAKRALWT | AU43: DLAKRALWTP | AV43: LAKRALWTPD | AW43: AKRALWTPDQ | AX43: KRALWTPDQI | AY43: RALWTPDQIT | AZ43: ALWTPDQITD | BA43: LWTPDQITDI | BB43: WTPDQITDIT | BC43: TPDQITDITS | BD43: PDQITDITSL | BE43: DQITDITSLV | BF43: QITDITSLVR | BG43: ITDITSLVRL | BH43: TDITSLVRLV | BI43: DITSLVRLVY | BJ43: ITSLVRLVYI | BK43: TSLVRLVYIL | BL43: SLVRLVYILS | BM43: LVRLVYILSK | BN43: VRLVYILSKQ | BO43: RLVYILSKQN | BP43: LVYILSKQNQ | BQ43: YPYDVPDYAG
A44: 30 | B44: G | C44: AGTEISIPRA | D44: GTEISIPRAL | E44: TEISIPRALD | F44: EISIPRALDR | G44: ISIPRALDRQ | H44: SIPRALDRQA | I44: IPRALDRQAA | J44: PRALDRQAAL | K44: RALDRQAALL | L44: ALDRQAALLQ | M44: LDRQAALLQI | N44: DRQAALLQIQ | O44: RQAALLQIQE | P44: QAALLQIQEF | Q44: AALLQIQEFM | R44: ALLQIQEFMI | S44: LLQIQEFMIT | T44: LQIQEFMITC | U44: QIQEFMITCL | V44: IQEFMITCLS | W44: QEFMITCLSQ | X44: EFMITCLSQT | Y44: FMITCLSQTP | Z44: MITCLSQTPP | AA44: ITCLSQTPPR | AB44: TCLSQTPPRT | AC44: CLSQTPPRTT | AD44: LSQTPPRTTL | AE44: SQTPPRTTLL | AF44: QTPPRTTLLL | AG44: TPPRTTLLLY | AH44: PPRTTLLLYP | AI44: PRTTLLLYPT | AJ44: RTTLLLYPTA | AK44: TTLLLYPTAV | AL44: TLLLYPTAVD | AM44: LLLYPTAVDL | AN44: LLYPTAVDLA | AO44: LYPTAVDLAK | AP44: YPTAVDLAKR | AQ44: PTAVDLAKRA | AR44: TAVDLAKRAL | AS44: AVDLAKRALW | AT44: VDLAKRALWT | AU44: DLAKRALWTP | AV44: LAKRALWTPD | AW44: AKRALWTPDQ | AX44: KRALWTPDQI | AY44: RALWTPDQIT | AZ44: ALWTPDQITD | BA44: LWTPDQITDI | BB44: WTPDQITDIT | BC44: TPDQITDITS | BD44: PDQITDITSL | BE44: DQITDITSLV | BF44: QITDITSLVR | BG44: ITDITSLVRL | BH44: TDITSLVRLV | BI44: DITSLVRLVY | BJ44: ITSLVRLVYI | BK44: TSLVRLVYIL | BL44: SLVRLVYILS | BM44: LVRLVYILSK | BN44: VRLVYILSKQ | BO44: RLVYILSKQN | BP44: LVYILSKQNQ | BQ44: G
A45: 31 | B45: YPYDVPDYAG | C45: VYILSKQNQQ | D45: YILSKQNQQH | E45: ILSKQNQQHL | F45: LSKQNQQHLI | G45: SKQNQQHLIP | H45: KQNQQHLIPQ | I45: QNQQHLIPQW | J45: NQQHLIPQWA | K45: QQHLIPQWAL | L45: QHLIPQWALR | M45: HLIPQWALRQ | N45: LIPQWALRQI | O45: IPQWALRQIA | P45: PQWALRQIAD | Q45: QWALRQIADF | R45: WALRQIADFA | S45: ALRQIADFAL | T45: LRQIADFALQ | U45: RQIADFALQL | V45: QIADFALQLH | W45: IADFALQLHK | X45: ADFALQLHKT | Y45: DFALQLHKTH | Z45: FALQLHKTHL | AA45: ALQLHKTHLA | AB45: LQLHKTHLAS | AC45: QLHKTHLASF | AD45: LHKTHLASFL | AE45: HKTHLASFLS | AF45: KTHLASFLSA | AG45: THLASFLSAF | AH45: HLASFLSAFA | AI45: LASFLSAFAR | AJ45: ASFLSAFARQ | AK45: SFLSAFARQE | AL45: FLSAFARQEL | AM45: LSAFARQELY | AN45: SAFARQELYL | AO45: AFARQELYLM | AP45: FARQELYLMG | AQ45: ARQELYLMGS | AR45: RQELYLMGSL | AS45: QELYLMGSLV | AT45: ELYLMGSLVH | AU45: LYLMGSLVHS | AV45: YLMGSLVHSM | AW45: LMGSLVHSML | AX45: MGSLVHSMLV | AY45: GSLVHSMLVH | AZ45: SLVHSMLVHT | BA45: LVHSMLVHTT | BB45: VHSMLVHTTE | BC45: HSMLVHTTER | BD45: SMLVHTTERR | BE45: MLVHTTERRE | BF45: LVHTTERREI | BG45: VHTTERREIF | BH45: HTTERREIFI | BI45: TTERREIFIV | BJ45: TERREIFIVE | BK45: ERREIFIVET | BL45: RREIFIVETG | BM45: REIFIVETGL | BN45: EIFIVETGLC | BO45: IFIVETGLCS | BP45: FIVETGLCSL | BQ45: YPYDVPDYAG
A46: 32 | B46: G | C46: VYILSKQNQQ | D46: YILSKQNQQH | E46: ILSKQNQQHL | F46: LSKQNQQHLI | G46: SKQNQQHLIP | H46: KQNQQHLIPQ | I46: QNQQHLIPQW | J46: NQQHLIPQWA | K46: QQHLIPQWAL | L46: QHLIPQWALR | M46: HLIPQWALRQ | N46: LIPQWALRQI | O46: IPQWALRQIA | P46: PQWALRQIAD | Q46: QWALRQIADF | R46: WALRQIADFA | S46: ALRQIADFAL | T46: LRQIADFALQ | U46: RQIADFALQL | V46: QIADFALQLH | W46: IADFALQLHK | X46: ADFALQLHKT | Y46: DFALQLHKTH | Z46: FALQLHKTHL | AA46: ALQLHKTHLA | AB46: LQLHKTHLAS | AC46: QLHKTHLASF | AD46: LHKTHLASFL | AE46: HKTHLASFLS | AF46: KTHLASFLSA | AG46: THLASFLSAF | AH46: HLASFLSAFA | AI46: LASFLSAFAR | AJ46: ASFLSAFARQ | AK46: SFLSAFARQE | AL46: FLSAFARQEL | AM46: LSAFARQELY | AN46: SAFARQELYL | AO46: AFARQELYLM | AP46: FARQELYLMG | AQ46: ARQELYLMGS | AR46: RQELYLMGSL | AS46: QELYLMGSLV | AT46: ELYLMGSLVH | AU46: LYLMGSLVHS | AV46: YLMGSLVHSM | AW46: LMGSLVHSML | AX46: MGSLVHSMLV | AY46: GSLVHSMLVH | AZ46: SLVHSMLVHT | BA46: LVHSMLVHTT | BB46: VHSMLVHTTE | BC46: HSMLVHTTER | BD46: SMLVHTTERR | BE46: MLVHTTERRE | BF46: LVHTTERREI | BG46: VHTTERREIF | BH46: HTTERREIFI | BI46: TTERREIFIV | BJ46: TERREIFIVE | BK46: ERREIFIVET | BL46: RREIFIVETG | BM46: REIFIVETGL | BN46: EIFIVETGLC | BO46: IFIVETGLCS | BP46: FIVETGLCSL | BQ46: G
... A52: 38 | B52: G | C52: QSKCELTRNM | D52: SKCELTRNMH | E52: KCELTRNMHT | F52: CELTRNMHTT | G52: ELTRNMHTTH | H52: LTRNMHTTHS | I52: TRNMHTTHSI | J52: RNMHTTHSIT | K52: NMHTTHSITA | L52: MHTTHSITAA | M52: HTTHSITAAL | N52: TTHSITAALN | O52: THSITAALNI | P52: HSITAALNIS | Q52: SITAALNISL | R52: ITAALNISLE | S52: TAALNISLEN | T52: AALNISLENC | U52: ALNISLENCA | V52: LNISLENCAF | W52: NISLENCAFC | X52: ISLENCAFCQ | Y52: SLENCAFCQS | Z52: LENCAFCQSA | AA52: ENCAFCQSAL | AB52: NCAFCQSALL | AC52: CAFCQSALLE | AD52: AFCQSALLEY | AE52: FCQSALLEYD | AF52: CQSALLEYDD | AG52: QSALLEYDDT | AH52: SALLEYDDTQ | AI52: ALLEYDDTQG | AJ52: LLEYDDTQGV | AK52: LEYDDTQGVI | AL52: EYDDTQGVIN | AM52: YDDTQGVINI | AN52: DDTQGVINIM | AO52: DTQGVINIMY | AP52: TQGVINIMYM | AQ52: QGVINIMYMH | AR52: GVINIMYMHD | AS52: VINIMYMHDS | AT52: INIMYMHDSD | AU52: NIMYMHDSDD | AV52: IMYMHDSDDV | AW52: MYMHDSDDVL | AX52: YMHDSDDVLF | AY52: MHDSDDVLFA | AZ52: HDSDDVLFAL | BA52: DSDDVLFALD | BB52: SDDVLFALDP | BC52: DDVLFALDPY | BD52: DVLFALDPYN | BE52: VLFALDPYNE | BF52: LFALDPYNEV | BG52: FALDPYNEVV | BH52: ALDPYNEVVV | BI52: LDPYNEVVVS | BJ52: DPYNEVVVSS | BK52: PYNEVVVSSP | BL52: YNEVVVSSPR | BM52: NEVVVSSPRT | BN52: EVVVSSPRTH | BO52: VVVSSPRTHY | BP52: VVSSPRTHYL | BQ52: G
A53: 39 | B53: YPYDVPDYAG | C53: VSSPRTHYLM | D53: SSPRTHYLML | E53: SPRTHYLMLL | F53: PRTHYLMLLK | G53: RTHYLMLLKG | H53: THYLMLLKGS | I53: HYLMLLKGSG | J53: YLMLLKGSGS | K53: LMLLKGSGSG | L53: MLLKGSGSGS | M53: LLKGSGSGSG | BQ53: YPYDVPDYAG
A54: 40 | B54: G | C54: VSSPRTHYLM | D54: SSPRTHYLML | E54: SPRTHYLMLL | F54: PRTHYLMLLK | G54: RTHYLMLLKG | H54: THYLMLLKGS | I54: HYLMLLKGSG | J54: YLMLLKGSGS | K54: LMLLKGSGSG | L54: MLLKGSGSGS | M54: LLKGSGSGSG | BQ54: G
A55: 41 | B55: YPYDVPDYAG | C55: GSGSGSGPLAEQF | D55: SGSGSGPLAEQFL | E55: GSGSGPLAEQFLN | F55: SGSGPLAEQFLNQ | G55: GSGPLAEQFLNQV | H55: SGPLAEQFLNQVD | I55: GPLAEQFLNQVDL | J55: PLAEQFLNQVDLT | K55: LAEQFLNQVDLTE | L55: AEQFLNQVDLTET | M55: EQFLNQVDLTETL | N55: QFLNQVDLTETLE | O55: FLNQVDLTETLER | P55: LNQVDLTETLERY | Q55: NQVDLTETLERYQ | R55: QVDLTETLERYQQ | S55: VDLTETLERYQQR | T55: DLTETLERYQQRL | U55: LTETLERYQQRLN | V55: TETLERYQQRLNT | W55: ETLERYQQRLNTY | X55: TLERYQQRLNTYA | Y55: LERYQQRLNTYAL | Z55: ERYQQRLNTYALV | AA55: RYQQRLNTYALVS | AB55: YQQRLNTYALVSK | AC55: QQRLNTYALVSKD | AD55: QRLNTYALVSKDL | AE55: RLNTYALVSKDLA | AF55: LNTYALVSKDLAS | AG55: NTYALVSKDLASY | AH55: TYALVSKDLASYR | AI55: YALVSKDLASYRS | AJ55: ALVSKDLASYRSF | AK55: LVSKDLASYRSFS | AL55: VSKDLASYRSFSQ | AM55: SKDLASYRSFSQQ | AN55: KDLASYRSFSQQL | AO55: DLASYRSFSQQLK | AP55: LASYRSFSQQLKA | AQ55: ASYRSFSQQLKAQ | AR55: SYRSFSQQLKAQD | AS55: YRSFSQQLKAQDS | AT55: RSFSQQLKAQDSL | AU55: SFSQQLKAQDSLG | AV55: FSQQLKAQDSLGQ | AW55: SQQLKAQDSLGQQ | AX55: QQLKAQDSLGQQP | AY55: QLKAQDSLGQQPT | AZ55: LKAQDSLGQQPTT | BA55: KAQDSLGQQPTTV | BB55: AQDSLGQQPTTVP | BC55: QDSLGQQPTTVPP | BD55: DSLGQQPTTVPPP | BE55: SLGQQPTTVPPPI | BF55: LGQQPTTVPPPID | BG55: GQQPTTVPPPIDL | BH55: QQPTTVPPPIDLS | BI55: QPTTVPPPIDLSI | BJ55: PTTVPPPIDLSIP | BK55: TTVPPPIDLSIPH | BL55: TVPPPIDLSIPHV | BM55: VPPPIDLSIPHVW | BN55: PPPIDLSIPHVWM | BO55: PPIDLSIPHVWMP | BP55: PIDLSIPHVWMPP | BQ55: YPYDVPDYAG
A56: 42 | B56: G | C56: GSGSGSGPLAEQF | D56: SGSGSGPLAEQFL | E56: GSGSGPLAEQFLN | F56: SGSGPLAEQFLNQ | G56: GSGPLAEQFLNQV | H56: SGPLAEQFLNQVD | I56: GPLAEQFLNQVDL | J56: PLAEQFLNQVDLT | K56: LAEQFLNQVDLTE | L56: AEQFLNQVDLTET | M56: EQFLNQVDLTETL | N56: QFLNQVDLTETLE | O56: FLNQVDLTETLER | P56: LNQVDLTETLERY | Q56: NQVDLTETLERYQ | R56: QVDLTETLERYQQ | S56: VDLTETLERYQQR | T56: DLTETLERYQQRL | U56: LTETLERYQQRLN | V56: TETLERYQQRLNT | W56: ETLERYQQRLNTY | X56: TLERYQQRLNTYA | Y56: LERYQQRLNTYAL | Z56: ERYQQRLNTYALV | AA56: RYQQRLNTYALVS | AB56: YQQRLNTYALVSK | AC56: QQRLNTYALVSKD | AD56: QRLNTYALVSKDL | AE56: RLNTYALVSKDLA | AF56: LNTYALVSKDLAS | AG56: NTYALVSKDLASY | AH56: TYALVSKDLASYR | AI56: YALVSKDLASYRS | AJ56: ALVSKDLASYRSF | AK56: LVSKDLASYRSFS | AL56: VSKDLASYRSFSQ | AM56: SKDLASYRSFSQQ | AN56: KDLASYRSFSQQL | AO56: DLASYRSFSQQLK | AP56: LASYRSFSQQLKA | AQ56: ASYRSFSQQLKAQ | AR56: SYRSFSQQLKAQD | AS56: YRSFSQQLKAQDS | AT56: RSFSQQLKAQDSL | AU56: SFSQQLKAQDSLG | AV56: FSQQLKAQDSLGQ | AW56: SQQLKAQDSLGQQ | AX56: QQLKAQDSLGQQP | AY56: QLKAQDSLGQQPT | AZ56: LKAQDSLGQQPTT | BA56: KAQDSLGQQPTTV | BB56: AQDSLGQQPTTVP | BC56: QDSLGQQPTTVPP | BD56: DSLGQQPTTVPPP | BE56: SLGQQPTTVPPPI | BF56: LGQQPTTVPPPID | BG56: GQQPTTVPPPIDL | BH56: QQPTTVPPPIDLS | BI56: QPTTVPPPIDLSI | BJ56: PTTVPPPIDLSIP | BK56: TTVPPPIDLSIPH | BL56: TVPPPIDLSIPHV | BM56: VPPPIDLSIPHVW | BN56: PPPIDLSIPHVWM | BO56: PPIDLSIPHVWMP | BP56: PIDLSIPHVWMPP | BQ56: G
A57: 43 | B57: YPYDVPDYAG | C57: IDLSIPHVWMPPQ | D57: DLSIPHVWMPPQT | E57: LSIPHVWMPPQTT | F57: SIPHVWMPPQTTP | G57: IPHVWMPPQTTPH | H57: PHVWMPPQTTPHD | I57: HVWMPPQTTPHDW | J57: VWMPPQTTPHDWK | K57: WMPPQTTPHDWKG | L57: MPPQTTPHDWKGS | M57: PPQTTPHDWKGSH | N57: PQTTPHDWKGSHT | O57: QTTPHDWKGSHTT | P57: TTPHDWKGSHTTS | Q57: TPHDWKGSHTTSG | R57: PHDWKGSHTTSGL | S57: HDWKGSHTTSGLH | T57: DWKGSHTTSGLHR | U57: WKGSHTTSGLHRP | V57: KGSHTTSGLHRPH | W57: GSHTTSGLHRPHF | X57: SHTTSGLHRPHFN | Y57: HTTSGLHRPHFNQ | Z57: TTSGLHRPHFNQT | AA57: TSGLHRPHFNQTC | AB57: SGLHRPHFNQTCI | AC57: GLHRPHFNQTCIL | AD57: LHRPHFNQTCILF | AE57: HRPHFNQTCILFD | AF57: RPHFNQTCILFDG | AG57: PHFNQTCILFDGH | AH57: HFNQTCILFDGHD | AI57: FNQTCILFDGHDL | AJ57: NQTCILFDGHDLL | AK57: QTCILFDGHDLLF | AL57: TCILFDGHDLLFS | AM57: CILFDGHDLLFST | AN57: ILFDGHDLLFSTV | AO57: LFDGHDLLFSTVT | AP57: FDGHDLLFSTVTP | AQ57: DGHDLLFSTVTPC | AR57: GHDLLFSTVTPCL | AS57: HDLLFSTVTPCLH | AT57: DLLFSTVTPCLHQ | AU57: LLFSTVTPCLHQG | AV57: LFSTVTPCLHQGF | AW57: FSTVTPCLHQGFY | AX57: STVTPCLHQGFYL | AY57: TVTPCLHQGFYLM | AZ57: VTPCLHQGFYLMD | BA57: TPCLHQGFYLMDE | BB57: PCLHQGFYLMDEL | BC57: CLHQGFYLMDELR | BD57: LHQGFYLMDELRY | BE57: HQGFYLMDELRYV | BF57: QGFYLMDELRYVK | BG57: GFYLMDELRYVKI | BH57: FYLMDELRYVKIT | BI57: YLMDELRYVKITL | BJ57: LMDELRYVKITLT | BK57: MDELRYVKITLTE | BL57: DELRYVKITLTED | BM57: ELRYVKITLTEDF | BN57: LRYVKITLTEDFF | BO57: RYVKITLTEDFFV | BP57: YVKITLTEDFFVV | BQ57: YPYDVPDYAG
A58: 44 | B58: G | C58: IDLSIPHVWMPPQ | D58: DLSIPHVWMPPQT | E58: LSIPHVWMPPQTT | F58: SIPHVWMPPQTTP | G58: IPHVWMPPQTTPH | H58: PHVWMPPQTTPHD | I58: HVWMPPQTTPHDW | J58: VWMPPQTTPHDWK | K58: WMPPQTTPHDWKG | L58: MPPQTTPHDWKGS | M58: PPQTTPHDWKGSH | N58: PQTTPHDWKGSHT | O58: QTTPHDWKGSHTT | P58: TTPHDWKGSHTTS | Q58: TPHDWKGSHTTSG | R58: PHDWKGSHTTSGL | S58: HDWKGSHTTSGLH | T58: DWKGSHTTSGLHR | U58: WKGSHTTSGLHRP | V58: KGSHTTSGLHRPH | W58: GSHTTSGLHRPHF | X58: SHTTSGLHRPHFN | Y58: HTTSGLHRPHFNQ | Z58: TTSGLHRPHFNQT | AA58: TSGLHRPHFNQTC | AB58: SGLHRPHFNQTCI | AC58: GLHRPHFNQTCIL | AD58: LHRPHFNQTCILF | AE58: HRPHFNQTCILFD | AF58: RPHFNQTCILFDG | AG58: PHFNQTCILFDGH | AH58: HFNQTCILFDGHD | AI58: FNQTCILFDGHDL | AJ58: NQTCILFDGHDLL | AK58: QTCILFDGHDLLF | AL58: TCILFDGHDLLFS | AM58: CILFDGHDLLFST | AN58: ILFDGHDLLFSTV | AO58: LFDGHDLLFSTVT | AP58: FDGHDLLFSTVTP | AQ58: DGHDLLFSTVTPC | AR58: GHDLLFSTVTPCL | AS58: HDLLFSTVTPCLH | AT58: DLLFSTVTPCLHQ | AU58: LLFSTVTPCLHQG | AV58: LFSTVTPCLHQGF | AW58: FSTVTPCLHQGFY | AX58: STVTPCLHQGFYL | AY58: TVTPCLHQGFYLM | AZ58: VTPCLHQGFYLMD | BA58: TPCLHQGFYLMDE | BB58: PCLHQGFYLMDEL | BC58: CLHQGFYLMDELR | BD58: LHQGFYLMDELRY | BE58: HQGFYLMDELRYV | BF58: QGFYLMDELRYVK | BG58: GFYLMDELRYVKI | BH58: FYLMDELRYVKIT | BI58: YLMDELRYVKITL | BJ58: LMDELRYVKITLT | BK58: MDELRYVKITLTE | BL58: DELRYVKITLTED | BM58: ELRYVKITLTEDF | BN58: LRYVKITLTEDFF | BO58: RYVKITLTEDFFV | BP58: YVKITLTEDFFVV | BQ58: G
A59: 45 | B59: YPYDVPDYAG | C59: VKITLTEDFFVVT | D59: KITLTEDFFVVTV | E59: ITLTEDFFVVTVS | F59: TLTEDFFVVTVSI | G59: LTEDFFVVTVSID | H59: TEDFFVVTVSIDD | I59: EDFFVVTVSIDDD | J59: DFFVVTVSIDDDT | K59: FFVVTVSIDDDTP | L59: FVVTVSIDDDTPM | M59: VVTVSIDDDTPML | N59: VTVSIDDDTPMLL | O59: TVSIDDDTPMLLI | P59: VSIDDDTPMLLIF | Q59: SIDDDTPMLLIFG | R59: IDDDTPMLLIFGH | S59: DDDTPMLLIFGHL | T59: DDTPMLLIFGHLP | U59: DTPMLLIFGHLPR | V59: TPMLLIFGHLPRV | W59: PMLLIFGHLPRVL | X59: MLLIFGHLPRVLF | Y59: LLIFGHLPRVLFK | Z59: LIFGHLPRVLFKA | AA59: IFGHLPRVLFKAP | AB59: FGHLPRVLFKAPY | AC59: GHLPRVLFKAPYQ | AD59: HLPRVLFKAPYQR | AE59: LPRVLFKAPYQRD | AF59: PRVLFKAPYQRDN | AG59: RVLFKAPYQRDNF | AH59: VLFKAPYQRDNFI | AI59: LFKAPYQRDNFIL | AJ59: FKAPYQRDNFILR | AK59: KAPYQRDNFILRQ | AL59: APYQRDNFILRQT | AM59: PYQRDNFILRQTE | AN59: YQRDNFILRQTEK | AO59: QRDNFILRQTEKH | AP59: RDNFILRQTEKHE | AQ59: DNFILRQTEKHEL | AR59: NFILRQTEKHELL | AS59: FILRQTEKHELLV | AT59: ILRQTEKHELLVL | AU59: LRQTEKHELLVLV | AV59: RQTEKHELLVLVK | AW59: QTEKHELLVLVKK | AX59: TEKHELLVLVKKT | AY59: EKHELLVLVKKTQ | AZ59: KHELLVLVKKTQL | BA59: HELLVLVKKTQLN | BB59: ELLVLVKKTQLNR | BC59: LLVLVKKTQLNRH | BD59: LVLVKKTQLNRHS | BE59: VLVKKTQLNRHSY | BF59: LVKKTQLNRHSYL | BG59: VKKTQLNRHSYLK | BH59: KKTQLNRHSYLKD | BI59: KTQLNRHSYLKDS | BJ59: TQLNRHSYLKDSD | BK59: QLNRHSYLKDSDF | BL59: LNRHSYLKDSDFL | BM59: NRHSYLKDSDFLD | BN59: RHSYLKDSDFLDA | BO59: HSYLKDSDFLDAA | BP59: SYLKDSDFLDAAL | BQ59: YPYDVPDYAG
A60: 46 | B60: G | C60: VKITLTEDFFVVT | D60: KITLTEDFFVVTV | E60: ITLTEDFFVVTVS | F60: TLTEDFFVVTVSI | G60: LTEDFFVVTVSID | H60: TEDFFVVTVSIDD | I60: EDFFVVTVSIDDD | J60: DFFVVTVSIDDDT | K60: FFVVTVSIDDDTP | L60: FVVTVSIDDDTPM | M60: VVTVSIDDDTPML | N60: VTVSIDDDTPMLL | O60: TVSIDDDTPMLLI | P60: VSIDDDTPMLLIF | Q60: SIDDDTPMLLIFG | R60: IDDDTPMLLIFGH | S60: DDDTPMLLIFGHL | T60: DDTPMLLIFGHLP | U60: DTPMLLIFGHLPR | V60: TPMLLIFGHLPRV | W60: PMLLIFGHLPRVL | X60: MLLIFGHLPRVLF | Y60: LLIFGHLPRVLFK | Z60: LIFGHLPRVLFKA | AA60: IFGHLPRVLFKAP | AB60: FGHLPRVLFKAPY | AC60: GHLPRVLFKAPYQ | AD60: HLPRVLFKAPYQR | AE60: LPRVLFKAPYQRD | AF60: PRVLFKAPYQRDN | AG60: RVLFKAPYQRDNF | AH60: VLFKAPYQRDNFI | AI60: LFKAPYQRDNFIL | AJ60: FKAPYQRDNFILR | AK60: KAPYQRDNFILRQ | AL60: APYQRDNFILRQT | AM60: PYQRDNFILRQTE | AN60: YQRDNFILRQTEK | AO60: QRDNFILRQTEKH | AP60: RDNFILRQTEKHE | AQ60: DNFILRQTEKHEL | AR60: NFILRQTEKHELL | AS60: FILRQTEKHELLV | AT60: ILRQTEKHELLVL | AU60: LRQTEKHELLVLV | AV60: RQTEKHELLVLVK | AW60: QTEKHELLVLVKK | AX60: TEKHELLVLVKKT | AY60: EKHELLVLVKKTQ | AZ60: KHELLVLVKKTQL | BA60: HELLVLVKKTQLN | BB60: ELLVLVKKTQLNR | BC60: LLVLVKKTQLNRH | BD60: LVLVKKTQLNRHS | BE60: VLVKKTQLNRHSY | BF60: LVKKTQLNRHSYL | BG60: VKKTQLNRHSYLK | BH60: KKTQLNRHSYLKD | BI60: KTQLNRHSYLKDS | BJ60: TQLNRHSYLKDSD | BK60: QLNRHSYLKDSDF | BL60: LNRHSYLKDSDFL | BM60: NRHSYLKDSDFLD | BN60: RHSYLKDSDFLDA | BO60: HSYLKDSDFLDAA | BP60: SYLKDSDFLDAAL | BQ60: G
A61: 47 | B61: YPYDVPDYAG | C61: YLKDSDFLDAALD | D61: LKDSDFLDAALDF | E61: KDSDFLDAALDFN | F61: DSDFLDAALDFNY | G61: SDFLDAALDFNYL | H61: DFLDAALDFNYLD | I61: FLDAALDFNYLDL | J61: LDAALDFNYLDLS | K61: DAALDFNYLDLSA | L61: AALDFNYLDLSAL | M61: ALDFNYLDLSALL | N61: LDFNYLDLSALLR | O61: DFNYLDLSALLRN | P61: FNYLDLSALLRNS | Q61: NYLDLSALLRNSF | R61: YLDLSALLRNSFH | S61: LDLSALLRNSFHR | T61: DLSALLRNSFHRY | U61: LSALLRNSFHRYA | V61: SALLRNSFHRYAV | W61: ALLRNSFHRYAVD | X61: LLRNSFHRYAVDV | Y61: LRNSFHRYAVDVL | Z61: RNSFHRYAVDVLK | AA61: NSFHRYAVDVLKS | AB61: SFHRYAVDVLKSG | AC61: FHRYAVDVLKSGR | AD61: HRYAVDVLKSGRC | AE61: RYAVDVLKSGRCQ | AF61: YAVDVLKSGRCQM | AG61: AVDVLKSGRCQML | AH61: VDVLKSGRCQMLD | AI61: DVLKSGRCQMLDR | AJ61: VLKSGRCQMLDRR | AK61: LKSGRCQMLDRRT | AL61: KSGRCQMLDRRTV | AM61: SGRCQMLDRRTVE | AN61: GRCQMLDRRTVEM | AO61: RCQMLDRRTVEMA | AP61: CQMLDRRTVEMAF | AQ61: QMLDRRTVEMAFA | AR61: MLDRRTVEMAFAY | AS61: LDRRTVEMAFAYA | AT61: DRRTVEMAFAYAL | AU61: RRTVEMAFAYALA | AV61: RTVEMAFAYALAL | AW61: TVEMAFAYALALF | AX61: VEMAFAYALALFA | AY61: EMAFAYALALFAA | AZ61: MAFAYALALFAAA | BA61: AFAYALALFAAAR | BB61: FAYALALFAAARQ | BC61: AYALALFAAARQE | BD61: YALALFAAARQEE | BE61: ALALFAAARQEEA | BF61: LALFAAARQEEAG | BG61: ALFAAARQEEAGT | BH61: LFAAARQEEAGTE | BI61: FAAARQEEAGTEI | BJ61: AAARQEEAGTEIS | BK61: AARQEEAGTEISI | BL61: ARQEEAGTEISIP | BM61: RQEEAGTEISIPR | BN61: QEEAGTEISIPRA | BO61: EEAGTEISIPRAL | BP61: EAGTEISIPRALD | BQ61: YPYDVPDYAG
A62: 48 | B62: G | C62: YLKDSDFLDAALD | D62: LKDSDFLDAALDF | E62: KDSDFLDAALDFN | F62: DSDFLDAALDFNY | G62: SDFLDAALDFNYL | H62: DFLDAALDFNYLD | I62: FLDAALDFNYLDL | J62: LDAALDFNYLDLS | K62: DAALDFNYLDLSA | L62: AALDFNYLDLSAL | M62: ALDFNYLDLSALL | N62: LDFNYLDLSALLR | O62: DFNYLDLSALLRN | P62: FNYLDLSALLRNS | Q62: NYLDLSALLRNSF | R62: YLDLSALLRNSFH | S62: LDLSALLRNSFHR | T62: DLSALLRNSFHRY | U62: LSALLRNSFHRYA | V62: SALLRNSFHRYAV | W62: ALLRNSFHRYAVD | X62: LLRNSFHRYAVDV | Y62: LRNSFHRYAVDVL | Z62: RNSFHRYAVDVLK | AA62: NSFHRYAVDVLKS | AB62: SFHRYAVDVLKSG | AC62: FHRYAVDVLKSGR | AD62: HRYAVDVLKSGRC | AE62: RYAVDVLKSGRCQ | AF62: YAVDVLKSGRCQM | AG62: AVDVLKSGRCQML | AH62: VDVLKSGRCQMLD | AI62: DVLKSGRCQMLDR | AJ62: VLKSGRCQMLDRR | AK62: LKSGRCQMLDRRT | AL62: KSGRCQMLDRRTV | AM62: SGRCQMLDRRTVE | AN62: GRCQMLDRRTVEM | AO62: RCQMLDRRTVEMA | AP62: CQMLDRRTVEMAF | AQ62: QMLDRRTVEMAFA | AR62: MLDRRTVEMAFAY | AS62: LDRRTVEMAFAYA | AT62: DRRTVEMAFAYAL | AU62: RRTVEMAFAYALA | AV62: RTVEMAFAYALAL | AW62: TVEMAFAYALALF | AX62: VEMAFAYALALFA | AY62: EMAFAYALALFAA | AZ62: MAFAYALALFAAA | BA62: AFAYALALFAAAR | BB62: FAYALALFAAARQ | BC62: AYALALFAAARQE | BD62: YALALFAAARQEE | BE62: ALALFAAARQEEA | BF62: LALFAAARQEEAG | BG62: ALFAAARQEEAGT | BH62: LFAAARQEEAGTE | BI62: FAAARQEEAGTEI | BJ62: AAARQEEAGTEIS | BK62: AARQEEAGTEISI | BL62: ARQEEAGTEISIP | BM62: RQEEAGTEISIPR | BN62: QEEAGTEISIPRA | BO62: EEAGTEISIPRAL | BP62: EAGTEISIPRALD | BQ62: G
A63: 49 | B63: YPYDVPDYAG | C63: AGTEISIPRALDR | D63: GTEISIPRALDRQ | E63: TEISIPRALDRQA | F63: EISIPRALDRQAA | G63: ISIPRALDRQAAL | H63: SIPRALDRQAALL | I63: IPRALDRQAALLQ | J63: PRALDRQAALLQI | K63: RALDRQAALLQIQ | L63: ALDRQAALLQIQE | M63: LDRQAALLQIQEF | N63: DRQAALLQIQEFM | O63: RQAALLQIQEFMI | P63: QAALLQIQEFMIT | Q63: AALLQIQEFMITC | R63: ALLQIQEFMITCL | S63: LLQIQEFMITCLS | T63: LQIQEFMITCLSQ | U63: QIQEFMITCLSQT | V63: IQEFMITCLSQTP | W63: QEFMITCLSQTPP | X63: EFMITCLSQTPPR | Y63: FMITCLSQTPPRT | Z63: MITCLSQTPPRTT | AA63: ITCLSQTPPRTTL | AB63: TCLSQTPPRTTLL | AC63: CLSQTPPRTTLLL | AD63: LSQTPPRTTLLLY | AE63: SQTPPRTTLLLYP | AF63: QTPPRTTLLLYPT | AG63: TPPRTTLLLYPTA | AH63: PPRTTLLLYPTAV | AI63: PRTTLLLYPTAVD | AJ63: RTTLLLYPTAVDL | AK63: TTLLLYPTAVDLA | AL63: TLLLYPTAVDLAK | AM63: LLLYPTAVDLAKR | AN63: LLYPTAVDLAKRA | AO63: LYPTAVDLAKRAL | AP63: YPTAVDLAKRALW | AQ63: PTAVDLAKRALWT | AR63: TAVDLAKRALWTP | AS63: AVDLAKRALWTPD | AT63: VDLAKRALWTPDQ | AU63: DLAKRALWTPDQI | AV63: LAKRALWTPDQIT | AW63: AKRALWTPDQITD | AX63: KRALWTPDQITDI | AY63: RALWTPDQITDIT | AZ63: ALWTPDQITDITS | BA63: LWTPDQITDITSL | BB63: WTPDQITDITSLV | BC63: TPDQITDITSLVR | BD63: PDQITDITSLVRL | BE63: DQITDITSLVRLV | BF63: QITDITSLVRLVY | BG63: ITDITSLVRLVYI | BH63: TDITSLVRLVYIL | BI63: DITSLVRLVYILS | BJ63: ITSLVRLVYILSK | BK63: TSLVRLVYILSKQ | BL63: SLVRLVYILSKQN | BM63: LVRLVYILSKQNQ | BN63: VRLVYILSKQNQQ | BO63: RLVYILSKQNQQH | BP63: LVYILSKQNQQHL | BQ63: YPYDVPDYAG
A64: 50 | B64: G | C64: AGTEISIPRALDR | D64: GTEISIPRALDRQ | E64: TEISIPRALDRQA | F64: EISIPRALDRQAA | G64: ISIPRALDRQAAL | H64: SIPRALDRQAALL | I64: IPRALDRQAALLQ | J64: PRALDRQAALLQI | K64: RALDRQAALLQIQ | L64: ALDRQAALLQIQE | M64: LDRQAALLQIQEF | N64: DRQAALLQIQEFM | O64: RQAALLQIQEFMI | P64: QAALLQIQEFMIT | Q64: AALLQIQEFMITC | R64: ALLQIQEFMITCL | S64: LLQIQEFMITCLS | T64: LQIQEFMITCLSQ | U64: QIQEFMITCLSQT | V64: IQEFMITCLSQTP | W64: QEFMITCLSQTPP | X64: EFMITCLSQTPPR | Y64: FMITCLSQTPPRT | Z64: MITCLSQTPPRTT | AA64: ITCLSQTPPRTTL | AB64: TCLSQTPPRTTLL | AC64: CLSQTPPRTTLLL | AD64: LSQTPPRTTLLLY | AE64: SQTPPRTTLLLYP | AF64: QTPPRTTLLLYPT | AG64: TPPRTTLLLYPTA | AH64: PPRTTLLLYPTAV | AI64: PRTTLLLYPTAVD | AJ64: RTTLLLYPTAVDL | AK64: TTLLLYPTAVDLA | AL64: TLLLYPTAVDLAK | AM64: LLLYPTAVDLAKR | AN64: LLYPTAVDLAKRA | AO64: LYPTAVDLAKRAL | AP64: YPTAVDLAKRALW | AQ64: PTAVDLAKRALWT | AR64: TAVDLAKRALWTP | AS64: AVDLAKRALWTPD | AT64: VDLAKRALWTPDQ | AU64: DLAKRALWTPDQI | AV64: LAKRALWTPDQIT | AW64: AKRALWTPDQITD | AX64: KRALWTPDQITDI | AY64: RALWTPDQITDIT | AZ64: ALWTPDQITDITS | BA64: LWTPDQITDITSL | BB64: WTPDQITDITSLV | BC64: TPDQITDITSLVR | BD64: PDQITDITSLVRL | BE64: DQITDITSLVRLV | BF64: QITDITSLVRLVY | BG64: ITDITSLVRLVYI | BH64: TDITSLVRLVYIL | BI64: DITSLVRLVYILS | BJ64: ITSLVRLVYILSK | BK64: TSLVRLVYILSKQ | BL64: SLVRLVYILSKQN | BM64: LVRLVYILSKQNQ | BN64: VRLVYILSKQNQQ | BO64: RLVYILSKQNQQH | BP64: LVYILSKQNQQHL | BQ64: G
A65: 51 | B65: YPYDVPDYAG | C65: VYILSKQNQQHLI | D65: YILSKQNQQHLIP | E65: ILSKQNQQHLIPQ | F65: LSKQNQQHLIPQW | G65: SKQNQQHLIPQWA | H65: KQNQQHLIPQWAL | I65: QNQQHLIPQWALR | J65: NQQHLIPQWALRQ | K65: QQHLIPQWALRQI | L65: QHLIPQWALRQIA | M65: HLIPQWALRQIAD | N65: LIPQWALRQIADF | O65: IPQWALRQIADFA | P65: PQWALRQIADFAL | Q65: QWALRQIADFALQ | R65: WALRQIADFALQL | S65: ALRQIADFALQLH | T65: LRQIADFALQLHK | U65: RQIADFALQLHKT | V65: QIADFALQLHKTH | W65: IADFALQLHKTHL | X65: ADFALQLHKTHLA | Y65: DFALQLHKTHLAS | Z65: FALQLHKTHLASF | AA65: ALQLHKTHLASFL | AB65: LQLHKTHLASFLS | AC65: QLHKTHLASFLSA | AD65: LHKTHLASFLSAF | AE65: HKTHLASFLSAFA | AF65: KTHLASFLSAFAR | AG65: THLASFLSAFARQ | AH65: HLASFLSAFARQE | AI65: LASFLSAFARQEL | AJ65: ASFLSAFARQELY | AK65: SFLSAFARQELYL | AL65: FLSAFARQELYLM | AM65: LSAFARQELYLMG | AN65: SAFARQELYLMGS | AO65: AFARQELYLMGSL | AP65: FARQELYLMGSLV | AQ65: ARQELYLMGSLVH | AR65: RQELYLMGSLVHS | AS65: QELYLMGSLVHSM | AT65: ELYLMGSLVHSML | AU65: LYLMGSLVHSMLV | AV65: YLMGSLVHSMLVH | AW65: LMGSLVHSMLVHT | AX65: MGSLVHSMLVHTT | AY65: GSLVHSMLVHTTE | AZ65: SLVHSMLVHTTER | BA65: LVHSMLVHTTERR | BB65: VHSMLVHTTERRE | BC65: HSMLVHTTERREI | BD65: SMLVHTTERREIF | BE65: MLVHTTERREIFI | BF65: LVHTTERREIFIV | BG65: VHTTERREIFIVE | BH65: HTTERREIFIVET | BI65: TTERREIFIVETG | BJ65: TERREIFIVETGL | BK65: ERREIFIVETGLC | BL65: RREIFIVETGLCS | BM65: REIFIVETGLCSL | BN65: EIFIVETGLCSLA | BO65: IFIVETGLCSLAE | BP65: FIVETGLCSLAEL | BQ65: YPYDVPDYAG
A66: 52 | B66: G | C66: VYILSKQNQQHLI | D66: YILSKQNQQHLIP | E66: ILSKQNQQHLIPQ | F66: LSKQNQQHLIPQW | G66: SKQNQQHLIPQWA | H66: KQNQQHLIPQWAL | I66: QNQQHLIPQWALR | J66: NQQHLIPQWALRQ | K66: QQHLIPQWALRQI | L66: QHLIPQWALRQIA | M66: HLIPQWALRQIAD | N66: LIPQWALRQIADF | O66: IPQWALRQIADFA | P66: PQWALRQIADFAL | Q66: QWALRQIADFALQ | R66: WALRQIADFALQL | S66: ALRQIADFALQLH | T66: LRQIADFALQLHK | U66: RQIADFALQLHKT | V66: QIADFALQLHKTH | W66: IADFALQLHKTHL | X66: ADFALQLHKTHLA | Y66: DFALQLHKTHLAS | Z66: FALQLHKTHLASF | AA66: ALQLHKTHLASFL | AB66: LQLHKTHLASFLS | AC66: QLHKTHLASFLSA | AD66: LHKTHLASFLSAF | AE66: HKTHLASFLSAFA | AF66: KTHLASFLSAFAR | AG66: THLASFLSAFARQ | AH66: HLASFLSAFARQE | AI66: LASFLSAFARQEL | AJ66: ASFLSAFARQELY | AK66: SFLSAFARQELYL | AL66: FLSAFARQELYLM | AM66: LSAFARQELYLMG | AN66: SAFARQELYLMGS | AO66: AFARQELYLMGSL | AP66: FARQELYLMGSLV | AQ66: ARQELYLMGSLVH | AR66: RQELYLMGSLVHS | AS66: QELYLMGSLVHSM | AT66: ELYLMGSLVHSML | AU66: LYLMGSLVHSMLV | AV66: YLMGSLVHSMLVH | AW66: LMGSLVHSMLVHT | AX66: MGSLVHSMLVHTT | AY66: GSLVHSMLVHTTE | AZ66: SLVHSMLVHTTER | BA66: LVHSMLVHTTERR | BB66: VHSMLVHTTERRE | BC66: HSMLVHTTERREI | BD66: SMLVHTTERREIF | BE66: MLVHTTERREIFI | BF66: LVHTTERREIFIV | BG66: VHTTERREIFIVE | BH66: HTTERREIFIVET | BI66: TTERREIFIVETG | BJ66: TERREIFIVETGL | BK66: ERREIFIVETGLC | BL66: RREIFIVETGLCS | BM66: REIFIVETGLCSL | BN66: EIFIVETGLCSLA | BO66: IFIVETGLCSLAE | BP66: FIVETGLCSLAEL | BQ66: G
... A72: 58 | B72: G | C72: QSKCELTRNMHTT | D72: SKCELTRNMHTTH | E72: KCELTRNMHTTHS | F72: CELTRNMHTTHSI | G72: ELTRNMHTTHSIT | H72: LTRNMHTTHSITA | I72: TRNMHTTHSITAA | J72: RNMHTTHSITAAL | K72: NMHTTHSITAALN | L72: MHTTHSITAALNI | M72: HTTHSITAALNIS | N72: TTHSITAALNISL | O72: THSITAALNISLE | P72: HSITAALNISLEN | Q72: SITAALNISLENC | R72: ITAALNISLENCA | S72: TAALNISLENCAF | T72: AALNISLENCAFC | U72: ALNISLENCAFCQ | V72: LNISLENCAFCQS | W72: NISLENCAFCQSA | X72: ISLENCAFCQSAL | Y72: SLENCAFCQSALL | Z72: LENCAFCQSALLE | AA72: ENCAFCQSALLEY | AB72: NCAFCQSALLEYD | AC72: CAFCQSALLEYDD | AD72: AFCQSALLEYDDT | AE72: FCQSALLEYDDTQ | AF72: CQSALLEYDDTQG | AG72: QSALLEYDDTQGV | AH72: SALLEYDDTQGVI | AI72: ALLEYDDTQGVIN | AJ72: LLEYDDTQGVINI | AK72: LEYDDTQGVINIM | AL72: EYDDTQGVINIMY | AM72: YDDTQGVINIMYM | AN72: DDTQGVINIMYMH | AO72: DTQGVINIMYMHD | AP72: TQGVINIMYMHDS | AQ72: QGVINIMYMHDSD | AR72: GVINIMYMHDSDD | AS72: VINIMYMHDSDDV | AT72: INIMYMHDSDDVL | AU72: NIMYMHDSDDVLF | AV72: IMYMHDSDDVLFA | AW72: MYMHDSDDVLFAL | AX72: YMHDSDDVLFALD | AY72: MHDSDDVLFALDP | AZ72: HDSDDVLFALDPY | BA72: DSDDVLFALDPYN | BB72: SDDVLFALDPYNE | BC72: DDVLFALDPYNEV | BD72: DVLFALDPYNEVV | BE72: VLFALDPYNEVVV | BF72: LFALDPYNEVVVS | BG72: FALDPYNEVVVSS | BH72: ALDPYNEVVVSSP | BI72: LDPYNEVVVSSPR | BJ72: DPYNEVVVSSPRT | BK72: PYNEVVVSSPRTH | BL72: YNEVVVSSPRTHY | BM72: NEVVVSSPRTHYL | BN72: EVVVSSPRTHYLM | BO72: VVVSSPRTHYLML | BP72: VVSSPRTHYLMLL | BQ72: G
A73: 59 | B73: YPYDVPDYAG | C73: VSSPRTHYLMLLK | D73: SSPRTHYLMLLKG | E73: SPRTHYLMLLKGS | F73: PRTHYLMLLKGSG | G73: RTHYLMLLKGSGS | H73: THYLMLLKGSGSG | I73: HYLMLLKGSGSGS | J73: YLMLLKGSGSGSG | BQ73: YPYDVPDYAG
A74: 60 | B74: G | C74: VSSPRTHYLMLLK | D74: SSPRTHYLMLLKG | E74: SPRTHYLMLLKGS | F74: PRTHYLMLLKGSG | G74: RTHYLMLLKGSGS | H74: THYLMLLKGSGSG | I74: HYLMLLKGSGSGS | J74: YLMLLKGSGSGSG | BQ74: G
B75: YPYDVPDYAG | C75: G | D75: YPYDVPDYAG | E75: G | F75: YPYDVPDYAG | G75: G | H75: YPYDVPDYAG | I75: G | J75: YPYDVPDYAG | K75: G | L75: YPYDVPDYAG | M75: G | N75: YPYDVPDYAG | O75: G | P75: YPYDVPDYAG | Q75: G | R75: YPYDVPDYAG | S75: G | T75: YPYDVPDYAG | U75: G | V75: YPYDVPDYAG | W75: G | X75: YPYDVPDYAG | Y75: G | Z75: YPYDVPDYAG | AA75: G | AB75: YPYDVPDYAG | AC75: G | AD75: YPYDVPDYAG | AE75: G | AF75: YPYDVPDYAG | AG75: G | AH75: YPYDVPDYAG | AI75: G | AJ75: YPYDVPDYAG | AK75: G | AL75: YPYDVPDYAG | AM75: G | AN75: YPYDVPDYAG | AO75: G | AP75: YPYDVPDYAG | AQ75: G | AR75: YPYDVPDYAG | AS75: G | AT75: YPYDVPDYAG | AU75: G | AV75: YPYDVPDYAG | AW75: G | AX75: YPYDVPDYAG | AY75: G | AZ75: YPYDVPDYAG | BA75: G | BB75: YPYDVPDYAG | BC75: G | BD75: YPYDVPDYAG | BE75: G | BF75: YPYDVPDYAG | BG75: G | BH75: YPYDVPDYAG | BI75: G | BJ75: YPYDVPDYAG | BK75: G | BL75: YPYDVPDYAG | BM75: G | BN75: YPYDVPDYAG | BO75: G | BP75: YPYDVPDYAG | BQ75: G
A78: Mouse antibody 13G1, 10 µg/ml | C78: 1 | D78: 2 | E78: 3 | F78: 4 | G78: 5 | H78: 6 | I78: 7 | J78: 8 | K78: 9 | L78: 10 | M78: 11 | N78: 12 | O78: 13 | P78: 14 | Q78: 15 | R78: 16 | S78: 17 | T78: 18 | U78: 19 | V78: 20 | W78: 21 | X78: 22 | Y78: 23 | Z78: 24 | AA78: 25 | AB78: 26 | AC78: 27 | AD78: 28 | AE78: 29 | AF78: 30 | AG78: 31 | AH78: 32 | AI78: 33 | AJ78: 34 | AK78: 35 | AL78: 36 | AM78: 37 | AN78: 38 | AO78: 39 | AP78: 40 | AQ78: 41 | AR78: 42 | AS78: 43 | AT78: 44 | AU78: 45 | AV78: 46 | AW78: 47 | AX78: 48 | AY78: 49 | AZ78: 50 | BA78: 51 | BB78: 52 | BC78: 53 | BD78: 54 | BE78: 55 | BF78: 56 | BG78: 57 | BH78: 58 | BI78: 59 | BJ78: 60 | BK78: 61 | BL78: 62 | BM78: 63 | BN78: 64 | BO78: 65 | BP78: 66
B79: YPYDVPDYAG | C79: G | D79: YPYDVPDYAG | E79: G | F79: YPYDVPDYAG | G79: G | H79: YPYDVPDYAG | I79: G | J79: YPYDVPDYAG | K79: G | L79: YPYDVPDYAG | M79: G | N79: YPYDVPDYAG | O79: G | P79: YPYDVPDYAG | Q79: G | R79: YPYDVPDYAG | S79: G | T79: YPYDVPDYAG | U79: G | V79: YPYDVPDYAG | W79: G | X79: YPYDVPDYAG | Y79: G | Z79: YPYDVPDYAG | AA79: G | AB79: YPYDVPDYAG | AC79: G | AD79: YPYDVPDYAG | AE79: G | AF79: YPYDVPDYAG | AG79: G | AH79: YPYDVPDYAG | AI79: G | AJ79: YPYDVPDYAG | AK79: G | AL79: YPYDVPDYAG | AM79: G | AN79: YPYDVPDYAG | AO79: G | AP79: YPYDVPDYAG | AQ79: G | AR79: YPYDVPDYAG | AS79: G | AT79: YPYDVPDYAG | AU79: G | AV79: YPYDVPDYAG | AW79: G | AX79: YPYDVPDYAG | AY79: G | AZ79: YPYDVPDYAG | BA79: G | BB79: YPYDVPDYAG | BC79: G | BD79: YPYDVPDYAG | BE79: G | BF79: YPYDVPDYAG | BG79: G | BH79: YPYDVPDYAG | BI79: G | BJ79: YPYDVPDYAG | BK79: G | BL79: YPYDVPDYAG | BM79: G | BN79: YPYDVPDYAG | BO79: G | BP79: YPYDVPDYAG | BQ79: G
A80: 1 | B80: YPYDVPDYAG | C80: GSGSGSG | D80: SGSGSGP | E80: GSGSGPL | F80: SGSGPLA | G80: GSGPLAE | H80: SGPLAEQ | I80: GPLAEQF | J80: PLAEQFL | K80: LAEQFLN | L80: AEQFLNQ | M80: EQFLNQV | N80: QFLNQVD | O80: FLNQVDL | P80: LNQVDLT | Q80: NQVDLTE | R80: QVDLTET | S80: VDLTETL | T80: DLTETLE | U80: LTETLER | V80: TETLERY | W80: ETLERYQ | X80: TLERYQQ | Y80: LERYQQR | Z80: ERYQQRL | AA80: RYQQRLN | AB80: YQQRLNT | AC80: QQRLNTY | AD80: QRLNTYA | AE80: RLNTYAL | AF80: LNTYALV | AG80: NTYALVS | AH80: TYALVSK | AI80: YALVSKD | AJ80: ALVSKDL | AK80: LVSKDLA | AL80: VSKDLAS | AM80: SKDLASY | AN80: KDLASYR | AO80: DLASYRS | AP80: LASYRSF | AQ80: ASYRSFS | AR80: SYRSFSQ | AS80: YRSFSQQ | AT80: RSFSQQL | AU80: SFSQQLK | AV80: FSQQLKA | AW80: SQQLKAQ | AX80: QQLKAQD | AY80: QLKAQDS | AZ80: LKAQDSL | BA80: KAQDSLG | BB80: AQDSLGQ | BC80: QDSLGQQ | BD80: DSLGQQP | BE80: SLGQQPT | BF80: LGQQPTT | BG80: GQQPTTV | BH80: QQPTTVP | BI80: QPTTVPP | BJ80: PTTVPPP | BK80: TTVPPPI | BL80: TVPPPID | BM80: VPPPIDL | BN80: PPPIDLS | BO80: PPIDLSI | BP80: PIDLSIP | BQ80: YPYDVPDYAG
A81: 2 | B81: G | C81: GSGSGSG | D81: SGSGSGP | E81: GSGSGPL | F81: SGSGPLA | G81: GSGPLAE | H81: SGPLAEQ | I81: GPLAEQF | J81: PLAEQFL | K81: LAEQFLN | L81: AEQFLNQ | M81: EQFLNQV | N81: QFLNQVD | O81: FLNQVDL | P81: LNQVDLT | Q81: NQVDLTE | R81: QVDLTET | S81: VDLTETL | T81: DLTETLE | U81: LTETLER | V81: TETLERY | W81: ETLERYQ | X81: TLERYQQ | Y81: LERYQQR | Z81: ERYQQRL | AA81: RYQQRLN | AB81: YQQRLNT | AC81: QQRLNTY | AD81: QRLNTYA | AE81: RLNTYAL | AF81: LNTYALV | AG81: NTYALVS | AH81: TYALVSK | AI81: YALVSKD | AJ81: ALVSKDL | AK81: LVSKDLA | AL81: VSKDLAS | AM81: SKDLASY | AN81: KDLASYR | AO81: DLASYRS | AP81: LASYRSF | AQ81: ASYRSFS | AR81: SYRSFSQ | AS81: YRSFSQQ | AT81: RSFSQQL | AU81: SFSQQLK | AV81: FSQQLKA | AW81: SQQLKAQ | AX81: QQLKAQD | AY81: QLKAQDS | AZ81: LKAQDSL | BA81: KAQDSLG | BB81: AQDSLGQ | BC81: QDSLGQQ | BD81: DSLGQQP | BE81: SLGQQPT | BF81: LGQQPTT | BG81: GQQPTTV | BH81: QQPTTVP | BI81: QPTTVPP | BJ81: PTTVPPP | BK81: TTVPPPI | BL81: TVPPPID | BM81: VPPPIDL | BN81: PPPIDLS | BO81: PPIDLSI | BP81: PIDLSIP | BQ81: G
A82: 3 | B82: YPYDVPDYAG | C82: IDLSIPH | D82: DLSIPHV | E82: LSIPHVW | F82: SIPHVWM | G82: IPHVWMP | H82: PHVWMPP | I82: HVWMPPQ | J82: VWMPPQT | K82: WMPPQTT | L82: MPPQTTP | M82: PPQTTPH | N82: PQTTPHD | O82: QTTPHDW | P82: TTPHDWK | Q82: TPHDWKG | R82: PHDWKGS | S82: HDWKGSH | T82: DWKGSHT | U82: WKGSHTT | V82: KGSHTTS | W82: GSHTTSG | X82: SHTTSGL | Y82: HTTSGLH | Z82: TTSGLHR | AA82: TSGLHRP | AB82: SGLHRPH | AC82: GLHRPHF | AD82: LHRPHFN | AE82: HRPHFNQ | AF82: RPHFNQT | AG82: PHFNQTC | AH82: HFNQTCI | AI82: FNQTCIL | AJ82: NQTCILF | AK82: QTCILFD | AL82: TCILFDG | AM82: CILFDGH | AN82: ILFDGHD | AO82: LFDGHDL | AP82: FDGHDLL | AQ82: DGHDLLF | AR82: GHDLLFS | AS82: HDLLFST | AT82: DLLFSTV | AU82: LLFSTVT | AV82: LFSTVTP | AW82: FSTVTPC | AX82: STVTPCL | AY82: TVTPCLH | AZ82: VTPCLHQ | BA82: TPCLHQG | BB82: PCLHQGF | BC82: CLHQGFY | BD82: LHQGFYL | BE82: HQGFYLM | BF82: QGFYLMD | BG82: GFYLMDE | BH82: FYLMDEL | BI82: YLMDELR | BJ82: LMDELRY | BK82: MDELRYV | BL82: DELRYVK | BM82: ELRYVKI | BN82: LRYVKIT | BO82: RYVKITL | BP82: YVKITLT | BQ82: YPYDVPDYAG
A83: 4 | B83: G | C83: IDLSIPH | D83: DLSIPHV | E83: LSIPHVW | F83: SIPHVWM | G83: IPHVWMP | H83: PHVWMPP | I83: HVWMPPQ | J83: VWMPPQT | K83: WMPPQTT | L83: MPPQTTP | M83: PPQTTPH | N83: PQTTPHD | O83: QTTPHDW | P83: TTPHDWK | Q83: TPHDWKG | R83: PHDWKGS | S83: HDWKGSH | T83: DWKGSHT | U83: WKGSHTT | V83: KGSHTTS | W83: GSHTTSG | X83: SHTTSGL | Y83: HTTSGLH | Z83: TTSGLHR | AA83: TSGLHRP | AB83: SGLHRPH | AC83: GLHRPHF | AD83: LHRPHFN | AE83: HRPHFNQ | AF83: RPHFNQT | AG83: PHFNQTC | AH83: HFNQTCI | AI83: FNQTCIL | AJ83: NQTCILF | AK83: QTCILFD | AL83: TCILFDG | AM83: CILFDGH | AN83: ILFDGHD | AO83: LFDGHDL | AP83: FDGHDLL | AQ83: DGHDLLF | AR83: GHDLLFS | AS83: HDLLFST | AT83: DLLFSTV | AU83: LLFSTVT | AV83: LFSTVTP | AW83: FSTVTPC | AX83: STVTPCL | AY83: TVTPCLH | AZ83: VTPCLHQ | BA83: TPCLHQG | BB83: PCLHQGF | BC83: CLHQGFY | BD83: LHQGFYL | BE83: HQGFYLM | BF83: QGFYLMD | BG83: GFYLMDE | BH83: FYLMDEL | BI83: YLMDELR | BJ83: LMDELRY | BK83: MDELRYV | BL83: DELRYVK | BM83: ELRYVKI | BN83: LRYVKIT | BO83: RYVKITL | BP83: YVKITLT | BQ83: G
A84: 5 | B84: YPYDVPDYAG | C84: VKITLTE | D84: KITLTED | E84: ITLTEDF | F84: TLTEDFF | G84: LTEDFFV | H84: TEDFFVV | I84: EDFFVVT | J84: DFFVVTV | K84: FFVVTVS | L84: FVVTVSI | M84: VVTVSID | N84: VTVSIDD | O84: TVSIDDD | P84: VSIDDDT | Q84: SIDDDTP | R84: IDDDTPM | S84: DDDTPML | T84: DDTPMLL | U84: DTPMLLI | V84: TPMLLIF | W84: PMLLIFG | X84: MLLIFGH | Y84: LLIFGHL | Z84: LIFGHLP | AA84: IFGHLPR | AB84: FGHLPRV | AC84: GHLPRVL | AD84: HLPRVLF | AE84: LPRVLFK | AF84: PRVLFKA | AG84: RVLFKAP | AH84: VLFKAPY | AI84: LFKAPYQ | AJ84: FKAPYQR | AK84: KAPYQRD | AL84: APYQRDN | AM84: PYQRDNF | AN84: YQRDNFI | AO84: QRDNFIL | AP84: RDNFILR | AQ84: DNFILRQ | AR84: NFILRQT | AS84: FILRQTE | AT84: ILRQTEK | AU84: LRQTEKH | AV84: RQTEKHE | AW84: QTEKHEL | AX84: TEKHELL | AY84: EKHELLV | AZ84: KHELLVL | BA84: HELLVLV | BB84: ELLVLVK | BC84: LLVLVKK | BD84: LVLVKKT | BE84: VLVKKTQ | BF84: LVKKTQL | BG84: VKKTQLN | BH84: KKTQLNR | BI84: KTQLNRH | BJ84: TQLNRHS | BK84: QLNRHSY | BL84: LNRHSYL | BM84: NRHSYLK | BN84: RHSYLKD | BO84: HSYLKDS | BP84: SYLKDSD | BQ84: YPYDVPDYAG
A85: 6 | B85: G | C85: VKITLTE | D85: KITLTED | E85: ITLTEDF | F85: TLTEDFF | G85: LTEDFFV | H85: TEDFFVV | I85: EDFFVVT | J85: DFFVVTV | K85: FFVVTVS | L85: FVVTVSI | M85: VVTVSID | N85: VTVSIDD | O85: TVSIDDD | P85: VSIDDDT | Q85: SIDDDTP | R85: IDDDTPM | S85: DDDTPML | T85: DDTPMLL | U85: DTPMLLI | V85: TPMLLIF | W85: PMLLIFG | X85: MLLIFGH | Y85: LLIFGHL | Z85: LIFGHLP | AA85: IFGHLPR | AB85: FGHLPRV | AC85: GHLPRVL | AD85: HLPRVLF | AE85: LPRVLFK | AF85: PRVLFKA | AG85: RVLFKAP | AH85: VLFKAPY | AI85: LFKAPYQ | AJ85: FKAPYQR | AK85: KAPYQRD | AL85: APYQRDN | AM85: PYQRDNF | AN85: YQRDNFI | AO85: QRDNFIL | AP85: RDNFILR | AQ85: DNFILRQ | AR85: NFILRQT | AS85: FILRQTE | AT85: ILRQTEK | AU85: LRQTEKH | AV85: RQTEKHE | AW85: QTEKHEL | AX85: TEKHELL | AY85: EKHELLV | AZ85: KHELLVL | BA85: HELLVLV | BB85: ELLVLVK | BC85: LLVLVKK | BD85: LVLVKKT | BE85: VLVKKTQ | BF85: LVKKTQL | BG85: VKKTQLN | BH85: KKTQLNR | BI85: KTQLNRH | BJ85: TQLNRHS | BK85: QLNRHSY | BL85: LNRHSYL | BM85: NRHSYLK | BN85: RHSYLKD | BO85: HSYLKDS | BP85: SYLKDSD | BQ85: G
A86: 7 | B86: YPYDVPDYAG | C86: YLKDSDF | D86: LKDSDFL | E86: KDSDFLD | F86: DSDFLDA | G86: SDFLDAA | H86: DFLDAAL | I86: FLDAALD | J86: LDAALDF | K86: DAALDFN | L86: AALDFNY | M86: ALDFNYL | N86: LDFNYLD | O86: DFNYLDL | P86: FNYLDLS | Q86: NYLDLSA | R86: YLDLSAL | S86: LDLSALL | T86: DLSALLR | U86: LSALLRN | V86: SALLRNS | W86: ALLRNSF | X86: LLRNSFH | Y86: LRNSFHR | Z86: RNSFHRY | AA86: NSFHRYA | AB86: SFHRYAV | AC86: FHRYAVD | AD86: HRYAVDV | AE86: RYAVDVL | AF86: YAVDVLK | AG86: AVDVLKS | AH86: VDVLKSG | AI86: DVLKSGR | AJ86: VLKSGRC | AK86: LKSGRCQ | AL86: KSGRCQM | AM86: SGRCQML | AN86: GRCQMLD | AO86: RCQMLDR | AP86: CQMLDRR | AQ86: QMLDRRT | AR86: MLDRRTV | AS86: LDRRTVE | AT86: DRRTVEM | AU86: RRTVEMA | AV86: RTVEMAF | AW86: TVEMAFA | AX86: VEMAFAY | AY86: EMAFAYA | AZ86: MAFAYAL | BA86: AFAYALA | BB86: FAYALAL | BC86: AYALALF | BD86: YALALFA | BE86: ALALFAA | BF86: LALFAAA | BG86: ALFAAAR | BH86: LFAAARQ | BI86: FAAARQE | BJ86: AAARQEE | BK86: AARQEEA | BL86: ARQEEAG | BM86: RQEEAGT | BN86: QEEAGTE | BO86: EEAGTEI | BP86: EAGTEIS | BQ86: YPYDVPDYAG
A87: 8 | B87: G | C87: YLKDSDF | D87: LKDSDFL | E87: KDSDFLD | F87: DSDFLDA | G87: SDFLDAA | H87: DFLDAAL | I87: FLDAALD | J87: LDAALDF | K87: DAALDFN | L87: AALDFNY | M87: ALDFNYL | N87: LDFNYLD | O87: DFNYLDL | P87: FNYLDLS | Q87: NYLDLSA | R87: YLDLSAL | S87: LDLSALL | T87: DLSALLR | U87: LSALLRN | V87: SALLRNS | W87: ALLRNSF | X87: LLRNSFH | Y87: LRNSFHR | Z87: RNSFHRY | AA87: NSFHRYA | AB87: SFHRYAV | AC87: FHRYAVD | AD87: HRYAVDV | AE87: RYAVDVL | AF87: YAVDVLK | AG87: AVDVLKS | AH87: VDVLKSG | AI87: DVLKSGR | AJ87: VLKSGRC | AK87: LKSGRCQ | AL87: KSGRCQM | AM87: SGRCQML | AN87: GRCQMLD | AO87: RCQMLDR | AP87: CQMLDRR | AQ87: QMLDRRT | AR87: MLDRRTV | AS87: LDRRTVE | AT87: DRRTVEM | AU87: RRTVEMA | AV87: RTVEMAF | AW87: TVEMAFA | AX87: VEMAFAY | AY87: EMAFAYA | AZ87: MAFAYAL | BA87: AFAYALA | BB87: FAYALAL | BC87: AYALALF | BD87: YALALFA | BE87: ALALFAA | BF87: LALFAAA | BG87: ALFAAAR | BH87: LFAAARQ | BI87: FAAARQE | BJ87: AAARQEE | BK87: AARQEEA | BL87: ARQEEAG | BM87: RQEEAGT | BN87: QEEAGTE | BO87: EEAGTEI | BP87: EAGTEIS | BQ87: G
A88: 9 | B88: YPYDVPDYAG | C88: AGTEISI | D88: GTEISIP | E88: TEISIPR | F88: EISIPRA | G88: ISIPRAL | H88: SIPRALD | I88: IPRALDR | J88: PRALDRQ | K88: RALDRQA | L88: ALDRQAA | M88: LDRQAAL | N88: DRQAALL | O88: RQAALLQ | P88: QAALLQI | Q88: AALLQIQ | R88: ALLQIQE | S88: LLQIQEF | T88: LQIQEFM | U88: QIQEFMI | V88: IQEFMIT | W88: QEFMITC | X88: EFMITCL | Y88: FMITCLS | Z88: MITCLSQ | AA88: ITCLSQT | AB88: TCLSQTP | AC88: CLSQTPP | AD88: LSQTPPR | AE88: SQTPPRT | AF88: QTPPRTT | AG88: TPPRTTL | AH88: PPRTTLL | AI88: PRTTLLL | AJ88: RTTLLLY | AK88: TTLLLYP | AL88: TLLLYPT | AM88: LLLYPTA | AN88: LLYPTAV | AO88: LYPTAVD | AP88: YPTAVDL | AQ88: PTAVDLA | AR88: TAVDLAK | AS88: AVDLAKR | AT88: VDLAKRA | AU88: DLAKRAL | AV88: LAKRALW | AW88: AKRALWT | AX88: KRALWTP | AY88: RALWTPD | AZ88: ALWTPDQ | BA88: LWTPDQI | BB88: WTPDQIT | BC88: TPDQITD | BD88: PDQITDI | BE88: DQITDIT | BF88: QITDITS | BG88: ITDITSL | BH88: TDITSLV | BI88: DITSLVR | BJ88: ITSLVRL | BK88: TSLVRLV | BL88: SLVRLVY | BM88: LVRLVYI | BN88: VRLVYIL | BO88: RLVYILS | BP88: LVYILSK | BQ88: YPYDVPDYAG
A89: 10 | B89: G | C89: AGTEISI | D89: GTEISIP | E89: TEISIPR | F89: EISIPRA | G89: ISIPRAL | H89: SIPRALD | I89: IPRALDR | J89: PRALDRQ | K89: RALDRQA | L89: ALDRQAA | M89: LDRQAAL | N89: DRQAALL | O89: RQAALLQ | P89: QAALLQI | Q89: AALLQIQ | R89: ALLQIQE | S89: LLQIQEF | T89: LQIQEFM | U89: QIQEFMI | V89: IQEFMIT | W89: QEFMITC | X89: EFMITCL | Y89: FMITCLS | Z89: MITCLSQ | AA89: ITCLSQT | AB89: TCLSQTP | AC89: CLSQTPP | AD89: LSQTPPR | AE89: SQTPPRT | AF89: QTPPRTT | AG89: TPPRTTL | AH89: PPRTTLL | AI89: PRTTLLL | AJ89: RTTLLLY | AK89: TTLLLYP | AL89: TLLLYPT | AM89: LLLYPTA | AN89: LLYPTAV | AO89: LYPTAVD | AP89: YPTAVDL | AQ89: PTAVDLA | AR89: TAVDLAK | AS89: AVDLAKR | AT89: VDLAKRA | AU89: DLAKRAL | AV89: LAKRALW | AW89: AKRALWT | AX89: KRALWTP | AY89: RALWTPD | AZ89: ALWTPDQ | BA89: LWTPDQI | BB89: WTPDQIT | BC89: TPDQITD | BD89: PDQITDI | BE89: DQITDIT | BF89: QITDITS | BG89: ITDITSL | BH89: TDITSLV | BI89: DITSLVR | BJ89: ITSLVRL | BK89: TSLVRLV | BL89: SLVRLVY | BM89: LVRLVYI | BN89: VRLVYIL | BO89: RLVYILS | BP89: LVYILSK | BQ89: G
A90: 11 | B90: YPYDVPDYAG | C90: VYILSKQ | D90: YILSKQN | E90: ILSKQNQ | F90: LSKQNQQ | G90: SKQNQQH | H90: KQNQQHL | I90: QNQQHLI | J90: NQQHLIP | K90: QQHLIPQ | L90: QHLIPQW | M90: HLIPQWA | N90: LIPQWAL | O90: IPQWALR | P90: PQWALRQ | Q90: QWALRQI | R90: WALRQIA | S90: ALRQIAD | T90: LRQIADF | U90: RQIADFA | V90: QIADFAL | W90: IADFALQ | X90: ADFALQL | Y90: DFALQLH | Z90: FALQLHK | AA90: ALQLHKT | AB90: LQLHKTH | AC90: QLHKTHL | AD90: LHKTHLA | AE90: HKTHLAS | AF90: KTHLASF | AG90: THLASFL | AH90: HLASFLS | AI90: LASFLSA | AJ90: ASFLSAF | AK90: SFLSAFA | AL90: FLSAFAR | AM90: LSAFARQ | AN90: SAFARQE | AO90: AFARQEL | AP90: FARQELY | AQ90: ARQELYL | AR90: RQELYLM | AS90: QELYLMG | AT90: ELYLMGS | AU90: LYLMGSL | AV90: YLMGSLV | AW90: LMGSLVH | AX90: MGSLVHS | AY90: GSLVHSM | AZ90: SLVHSML | BA90: LVHSMLV | BB90: VHSMLVH | BC90: HSMLVHT | BD90: SMLVHTT | BE90: MLVHTTE | BF90: LVHTTER | BG90: VHTTERR | BH90: HTTERRE | BI90: TTERREI | BJ90: TERREIF | BK90: ERREIFI | BL90: RREIFIV | BM90: REIFIVE | BN90: EIFIVET | BO90: IFIVETG | BP90: FIVETGL | BQ90: YPYDVPDYAG
A91: 12 | B91: G | C91: VYILSKQ | D91: YILSKQN | E91: ILSKQNQ | F91: LSKQNQQ | G91: SKQNQQH | H91: KQNQQHL | I91: QNQQHLI | J91: NQQHLIP | K91: QQHLIPQ | L91: QHLIPQW | M91: HLIPQWA | N91: LIPQWAL | O91: IPQWALR | P91: PQWALRQ | Q91: QWALRQI | R91: WALRQIA | S91: ALRQIAD | T91: LRQIADF | U91: RQIADFA | V91: QIADFAL | W91: IADFALQ | X91: ADFALQL | Y91: DFALQLH | Z91: FALQLHK | AA91: ALQLHKT | AB91: LQLHKTH | AC91: QLHKTHL | AD91: LHKTHLA | AE91: HKTHLAS | AF91: KTHLASF | AG91: THLASFL | AH91: HLASFLS | AI91: LASFLSA | AJ91: ASFLSAF | AK91: SFLSAFA | AL91: FLSAFAR | AM91: LSAFARQ | AN91: SAFARQE | AO91: AFARQEL | AP91: FARQELY | AQ91: ARQELYL | AR91: RQELYLM | AS91: QELYLMG | AT91: ELYLMGS | AU91: LYLMGSL | AV91: YLMGSLV | AW91: LMGSLVH | AX91: MGSLVHS | AY91: GSLVHSM | AZ91: SLVHSML | BA91: LVHSMLV | BB91: VHSMLVH | BC91: HSMLVHT | BD91: SMLVHTT | BE91: MLVHTTE | BF91: LVHTTER | BG91: VHTTERR | BH91: HTTERRE | BI91: TTERREI | BJ91: TERREIF | BK91: ERREIFI | BL91: RREIFIV | BM91: REIFIVE | BN91: EIFIVET | BO91: IFIVETG | BP91: FIVETGL | BQ91: G
... A97: 18 | B97: G | C97: QSKCELT | D97: SKCELTR | E97: KCELTRN | F97: CELTRNM | G97: ELTRNMH | H97: LTRNMHT | I97: TRNMHTT | J97: RNMHTTH | K97: NMHTTHS | L97: MHTTHSI | M97: HTTHSIT | N97: TTHSITA | O97: THSITAA | P97: HSITAAL | Q97: SITAALN | R97: ITAALNI | S97: TAALNIS | T97: AALNISL | U97: ALNISLE | V97: LNISLEN | W97: NISLENC | X97: ISLENCA | Y97: SLENCAF | Z97: LENCAFC | AA97: ENCAFCQ | AB97: NCAFCQS | AC97: CAFCQSA | AD97: AFCQSAL | AE97: FCQSALL | AF97: CQSALLE | AG97: QSALLEY | AH97: SALLEYD | AI97: ALLEYDD | AJ97: LLEYDDT | AK97: LEYDDTQ | AL97: EYDDTQG | AM97: YDDTQGV | AN97: DDTQGVI | AO97: DTQGVIN | AP97: TQGVINI | AQ97: QGVINIM | AR97: GVINIMY | AS97: VINIMYM | AT97: INIMYMH | AU97: NIMYMHD | AV97: IMYMHDS | AW97: MYMHDSD | AX97: YMHDSDD | AY97: MHDSDDV | AZ97: HDSDDVL | BA97: DSDDVLF | BB97: SDDVLFA | BC97: DDVLFAL | BD97: DVLFALD | BE97: VLFALDP | BF97: LFALDPY | BG97: FALDPYN | BH97: ALDPYNE | BI97: LDPYNEV | BJ97: DPYNEVV | BK97: PYNEVVV | BL97: YNEVVVS | BM97: NEVVVSS | BN97: EVVVSSP | BO97: VVVSSPR | BP97: VVSSPRT | BQ97: G
A98: 19 | B98: YPYDVPDYAG | C98: VSSPRTH | D98: SSPRTHY | E98: SPRTHYL | F98: PRTHYLM | G98: RTHYLML | H98: THYLMLL | I98: HYLMLLK | J98: YLMLLKG | K98: LMLLKGS | L98: MLLKGSG | M98: LLKGSGS | N98: LKGSGSG | O98: KGSGSGS | P98: GSGSGSG | BQ98: YPYDVPDYAG
A99: 20 | B99: G | C99: VSSPRTH | D99: SSPRTHY | E99: SPRTHYL | F99: PRTHYLM | G99: RTHYLML | H99: THYLMLL | I99: HYLMLLK | J99: YLMLLKG | K99: LMLLKGS | L99: MLLKGSG | M99: LLKGSGS | N99: LKGSGSG | O99: KGSGSGS | P99: GSGSGSG | BQ99: G
A100: 21 | B100: YPYDVPDYAG | C100: GSGSGSGPLA | D100: SGSGSGPLAE | E100: GSGSGPLAEQ | F100: SGSGPLAEQF | G100: GSGPLAEQFL | H100: SGPLAEQFLN | I100: GPLAEQFLNQ | J100: PLAEQFLNQV | K100: LAEQFLNQVD | L100: AEQFLNQVDL | M100: EQFLNQVDLT | N100: QFLNQVDLTE | O100: FLNQVDLTET | P100: LNQVDLTETL | Q100: NQVDLTETLE | R100: QVDLTETLER | S100: VDLTETLERY | T100: DLTETLERYQ | U100: LTETLERYQQ | V100: TETLERYQQR | W100: ETLERYQQRL | X100: TLERYQQRLN | Y100: LERYQQRLNT | Z100: ERYQQRLNTY | AA100: RYQQRLNTYA | AB100: YQQRLNTYAL | AC100: QQRLNTYALV | AD100: QRLNTYALVS | AE100: RLNTYALVSK | AF100: LNTYALVSKD | AG100: NTYALVSKDL | AH100: TYALVSKDLA | AI100: YALVSKDLAS | AJ100: ALVSKDLASY | AK100: LVSKDLASYR | AL100: VSKDLASYRS | AM100: SKDLASYRSF | AN100: KDLASYRSFS | AO100: DLASYRSFSQ | AP100: LASYRSFSQQ | AQ100: ASYRSFSQQL | AR100: SYRSFSQQLK | AS100: YRSFSQQLKA | AT100: RSFSQQLKAQ | AU100: SFSQQLKAQD | AV100: FSQQLKAQDS | AW100: SQQLKAQDSL | AX100: QQLKAQDSLG | AY100: QLKAQDSLGQ | AZ100: LKAQDSLGQQ | BA100: KAQDSLGQQP | BB100: AQDSLGQQPT | BC100: QDSLGQQPTT | BD100: DSLGQQPTTV | BE100: SLGQQPTTVP | BF100: LGQQPTTVPP | BG100: GQQPTTVPPP | BH100: QQPTTVPPPI | BI100: QPTTVPPPID | BJ100: PTTVPPPIDL | BK100: TTVPPPIDLS | BL100: TVPPPIDLSI | BM100: VPPPIDLSIP | BN100: PPPIDLSIPH | BO100: PPIDLSIPHV | BP100: PIDLSIPHVW | BQ100: YPYDVPDYAG
A101: 22 | B101: G | C101: GSGSGSGPLA | D101: SGSGSGPLAE | E101: GSGSGPLAEQ | F101: SGSGPLAEQF | G101: GSGPLAEQFL | H101: SGPLAEQFLN | I101: GPLAEQFLNQ | J101: PLAEQFLNQV | K101: LAEQFLNQVD | L101: AEQFLNQVDL | M101: EQFLNQVDLT | N101: QFLNQVDLTE | O101: FLNQVDLTET | P101: LNQVDLTETL | Q101: NQVDLTETLE | R101: QVDLTETLER | S101: VDLTETLERY | T101: DLTETLERYQ | U101: LTETLERYQQ | V101: TETLERYQQR | W101: ETLERYQQRL | X101: TLERYQQRLN | Y101: LERYQQRLNT | Z101: ERYQQRLNTY | AA101: RYQQRLNTYA | AB101: YQQRLNTYAL | AC101: QQRLNTYALV | AD101: QRLNTYALVS | AE101: RLNTYALVSK | AF101: LNTYALVSKD | AG101: NTYALVSKDL | AH101: TYALVSKDLA | AI101: YALVSKDLAS | AJ101: ALVSKDLASY | AK101: LVSKDLASYR | AL101: VSKDLASYRS | AM101: SKDLASYRSF | AN101: KDLASYRSFS | AO101: DLASYRSFSQ | AP101: LASYRSFSQQ | AQ101: ASYRSFSQQL | AR101: SYRSFSQQLK | AS101: YRSFSQQLKA | AT101: RSFSQQLKAQ | AU101: SFSQQLKAQD | AV101: FSQQLKAQDS | AW101: SQQLKAQDSL | AX101: QQLKAQDSLG | AY101: QLKAQDSLGQ | AZ101: LKAQDSLGQQ | BA101: KAQDSLGQQP | BB101: AQDSLGQQPT | BC101: QDSLGQQPTT | BD101: DSLGQQPTTV | BE101: SLGQQPTTVP | BF101: LGQQPTTVPP | BG101: GQQPTTVPPP | BH101: QQPTTVPPPI | BI101: QPTTVPPPID | BJ101: PTTVPPPIDL | BK101: TTVPPPIDLS | BL101: TVPPPIDLSI | BM101: VPPPIDLSIP | BN101: PPPIDLSIPH | BO101: PPIDLSIPHV | BP101: PIDLSIPHVW | BQ101: G
A102: 23 | B102: YPYDVPDYAG | C102: IDLSIPHVWM | D102: DLSIPHVWMP | E102: LSIPHVWMPP | F102: SIPHVWMPPQ | G102: IPHVWMPPQT | H102: PHVWMPPQTT | I102: HVWMPPQTTP | J102: VWMPPQTTPH | K102: WMPPQTTPHD | L102: MPPQTTPHDW | M102: PPQTTPHDWK | N102: PQTTPHDWKG | O102: QTTPHDWKGS | P102: TTPHDWKGSH | Q102: TPHDWKGSHT | R102: PHDWKGSHTT | S102: HDWKGSHTTS | T102: DWKGSHTTSG | U102: WKGSHTTSGL | V102: KGSHTTSGLH | W102: GSHTTSGLHR | X102: SHTTSGLHRP | Y102: HTTSGLHRPH | Z102: TTSGLHRPHF | AA102: TSGLHRPHFN | AB102: SGLHRPHFNQ | AC102: GLHRPHFNQT | AD102: LHRPHFNQTC | AE102: HRPHFNQTCI | AF102: RPHFNQTCIL | AG102: PHFNQTCILF | AH102: HFNQTCILFD | AI102: FNQTCILFDG | AJ102: NQTCILFDGH | AK102: QTCILFDGHD | AL102: TCILFDGHDL | AM102: CILFDGHDLL | AN102: ILFDGHDLLF | AO102: LFDGHDLLFS | AP102: FDGHDLLFST | AQ102: DGHDLLFSTV | AR102: GHDLLFSTVT | AS102: HDLLFSTVTP | AT102: DLLFSTVTPC | AU102: LLFSTVTPCL | AV102: LFSTVTPCLH | AW102: FSTVTPCLHQ | AX102: STVTPCLHQG | AY102: TVTPCLHQGF | AZ102: VTPCLHQGFY | BA102: TPCLHQGFYL | BB102: PCLHQGFYLM | BC102: CLHQGFYLMD | BD102: LHQGFYLMDE | BE102: HQGFYLMDEL | BF102: QGFYLMDELR | BG102: GFYLMDELRY | BH102: FYLMDELRYV | BI102: YLMDELRYVK | BJ102: LMDELRYVKI | BK102: MDELRYVKIT | BL102: DELRYVKITL | BM102: ELRYVKITLT | BN102: LRYVKITLTE | BO102: RYVKITLTED | BP102: YVKITLTEDF | BQ102: YPYDVPDYAG
A103: 24 | B103: G | C103: IDLSIPHVWM | D103: DLSIPHVWMP | E103: LSIPHVWMPP | F103: SIPHVWMPPQ | G103: IPHVWMPPQT | H103: PHVWMPPQTT | I103: HVWMPPQTTP | J103: VWMPPQTTPH | K103: WMPPQTTPHD | L103: MPPQTTPHDW | M103: PPQTTPHDWK | N103: PQTTPHDWKG | O103: QTTPHDWKGS | P103: TTPHDWKGSH | Q103: TPHDWKGSHT | R103: PHDWKGSHTT | S103: HDWKGSHTTS | T103: DWKGSHTTSG | U103: WKGSHTTSGL | V103: KGSHTTSGLH | W103: GSHTTSGLHR | X103: SHTTSGLHRP | Y103: HTTSGLHRPH | Z103: TTSGLHRPHF | AA103: TSGLHRPHFN | AB103: SGLHRPHFNQ | AC103: GLHRPHFNQT | AD103: LHRPHFNQTC | AE103: HRPHFNQTCI | AF103: RPHFNQTCIL | AG103: PHFNQTCILF | AH103: HFNQTCILFD | AI103: FNQTCILFDG | AJ103: NQTCILFDGH | AK103: QTCILFDGHD | AL103: TCILFDGHDL | AM103: CILFDGHDLL | AN103: ILFDGHDLLF | AO103: LFDGHDLLFS | AP103: FDGHDLLFST | AQ103: DGHDLLFSTV | AR103: GHDLLFSTVT | AS103: HDLLFSTVTP | AT103: DLLFSTVTPC | AU103: LLFSTVTPCL | AV103: LFSTVTPCLH | AW103: FSTVTPCLHQ | AX103: STVTPCLHQG | AY103: TVTPCLHQGF | AZ103: VTPCLHQGFY | BA103: TPCLHQGFYL | BB103: PCLHQGFYLM | BC103: CLHQGFYLMD | BD103: LHQGFYLMDE | BE103: HQGFYLMDEL | BF103: QGFYLMDELR | BG103: GFYLMDELRY | BH103: FYLMDELRYV | BI103: YLMDELRYVK | BJ103: LMDELRYVKI | BK103: MDELRYVKIT | BL103: DELRYVKITL | BM103: ELRYVKITLT | BN103: LRYVKITLTE | BO103: RYVKITLTED | BP103: YVKITLTEDF | BQ103: G
A104: 25 | B104: YPYDVPDYAG | C104: VKITLTEDFF | D104: KITLTEDFFV | E104: ITLTEDFFVV | F104: TLTEDFFVVT | G104: LTEDFFVVTV | H104: TEDFFVVTVS | I104: EDFFVVTVSI | J104: DFFVVTVSID | K104: FFVVTVSIDD | L104: FVVTVSIDDD | M104: VVTVSIDDDT | N104: VTVSIDDDTP | O104: TVSIDDDTPM | P104: VSIDDDTPML | Q104: SIDDDTPMLL | R104: IDDDTPMLLI | S104: DDDTPMLLIF | T104: DDTPMLLIFG | U104: DTPMLLIFGH | V104: TPMLLIFGHL | W104: PMLLIFGHLP | X104: MLLIFGHLPR | Y104: LLIFGHLPRV | Z104: LIFGHLPRVL | AA104: IFGHLPRVLF | AB104: FGHLPRVLFK | AC104: GHLPRVLFKA | AD104: HLPRVLFKAP | AE104: LPRVLFKAPY | AF104: PRVLFKAPYQ | AG104: RVLFKAPYQR | AH104: VLFKAPYQRD | AI104: LFKAPYQRDN | AJ104: FKAPYQRDNF | AK104: KAPYQRDNFI | AL104: APYQRDNFIL | AM104: PYQRDNFILR | AN104: YQRDNFILRQ | AO104: QRDNFILRQT | AP104: RDNFILRQTE | AQ104: DNFILRQTEK | AR104: NFILRQTEKH | AS104: FILRQTEKHE | AT104: ILRQTEKHEL | AU104: LRQTEKHELL | AV104: RQTEKHELLV | AW104: QTEKHELLVL | AX104: TEKHELLVLV | AY104: EKHELLVLVK | AZ104: KHELLVLVKK | BA104: HELLVLVKKT | BB104: ELLVLVKKTQ | BC104: LLVLVKKTQL | BD104: LVLVKKTQLN | BE104: VLVKKTQLNR | BF104: LVKKTQLNRH | BG104: VKKTQLNRHS | BH104: KKTQLNRHSY | BI104: KTQLNRHSYL | BJ104: TQLNRHSYLK | BK104: QLNRHSYLKD | BL104: LNRHSYLKDS | BM104: NRHSYLKDSD | BN104: RHSYLKDSDF | BO104: HSYLKDSDFL | BP104: SYLKDSDFLD | BQ104: YPYDVPDYAG
A105: 26 | B105: G | C105: VKITLTEDFF | D105: KITLTEDFFV | E105: ITLTEDFFVV | F105: TLTEDFFVVT | G105: LTEDFFVVTV | H105: TEDFFVVTVS | I105: EDFFVVTVSI | J105: DFFVVTVSID | K105: FFVVTVSIDD | L105: FVVTVSIDDD | M105: VVTVSIDDDT | N105: VTVSIDDDTP | O105: TVSIDDDTPM | P105: VSIDDDTPML | Q105: SIDDDTPMLL | R105: IDDDTPMLLI | S105: DDDTPMLLIF | T105: DDTPMLLIFG | U105: DTPMLLIFGH | V105: TPMLLIFGHL | W105: PMLLIFGHLP | X105: MLLIFGHLPR | Y105: LLIFGHLPRV | Z105: LIFGHLPRVL | AA105: IFGHLPRVLF | AB105: FGHLPRVLFK | AC105: GHLPRVLFKA | AD105: HLPRVLFKAP | AE105: LPRVLFKAPY | AF105: PRVLFKAPYQ | AG105: RVLFKAPYQR | AH105: VLFKAPYQRD | AI105: LFKAPYQRDN | AJ105: FKAPYQRDNF | AK105: KAPYQRDNFI | AL105: APYQRDNFIL | AM105: PYQRDNFILR | AN105: YQRDNFILRQ | AO105: QRDNFILRQT | AP105: RDNFILRQTE | AQ105: DNFILRQTEK | AR105: NFILRQTEKH | AS105: FILRQTEKHE | AT105: ILRQTEKHEL | AU105: LRQTEKHELL | AV105: RQTEKHELLV | AW105: QTEKHELLVL | AX105: TEKHELLVLV | AY105: EKHELLVLVK | AZ105: KHELLVLVKK | BA105: HELLVLVKKT | BB105: ELLVLVKKTQ | BC105: LLVLVKKTQL | BD105: LVLVKKTQLN | BE105: VLVKKTQLNR | BF105: LVKKTQLNRH | BG105: VKKTQLNRHS | BH105: KKTQLNRHSY | BI105: KTQLNRHSYL | BJ105: TQLNRHSYLK | BK105: QLNRHSYLKD | BL105: LNRHSYLKDS | BM105: NRHSYLKDSD | BN105: RHSYLKDSDF | BO105: HSYLKDSDFL | BP105: SYLKDSDFLD | BQ105: G
A106: 27 | B106: YPYDVPDYAG | C106: YLKDSDFLDA | D106: LKDSDFLDAA | E106: KDSDFLDAAL | F106: DSDFLDAALD | G106: SDFLDAALDF | H106: DFLDAALDFN | I106: FLDAALDFNY | J106: LDAALDFNYL | K106: DAALDFNYLD | L106: AALDFNYLDL | M106: ALDFNYLDLS | N106: LDFNYLDLSA | O106: DFNYLDLSAL | P106: FNYLDLSALL | Q106: NYLDLSALLR | R106: YLDLSALLRN | S106: LDLSALLRNS | T106: DLSALLRNSF | U106: LSALLRNSFH | V106: SALLRNSFHR | W106: ALLRNSFHRY | X106: LLRNSFHRYA | Y106: LRNSFHRYAV | Z106: RNSFHRYAVD | AA106: NSFHRYAVDV | AB106: SFHRYAVDVL | AC106: FHRYAVDVLK | AD106: HRYAVDVLKS | AE106: RYAVDVLKSG | AF106: YAVDVLKSGR | AG106: AVDVLKSGRC | AH106: VDVLKSGRCQ | AI106: DVLKSGRCQM | AJ106: VLKSGRCQML | AK106: LKSGRCQMLD | AL106: KSGRCQMLDR | AM106: SGRCQMLDRR | AN106: GRCQMLDRRT | AO106: RCQMLDRRTV | AP106: CQMLDRRTVE | AQ106: QMLDRRTVEM | AR106: MLDRRTVEMA | AS106: LDRRTVEMAF | AT106: DRRTVEMAFA | AU106: RRTVEMAFAY | AV106: RTVEMAFAYA | AW106: TVEMAFAYAL | AX106: VEMAFAYALA | AY106: EMAFAYALAL | AZ106: MAFAYALALF | BA106: AFAYALALFA | BB106: FAYALALFAA | BC106: AYALALFAAA | BD106: YALALFAAAR | BE106: ALALFAAARQ | BF106: LALFAAARQE | BG106: ALFAAARQEE | BH106: LFAAARQEEA | BI106: FAAARQEEAG | BJ106: AAARQEEAGT | BK106: AARQEEAGTE | BL106: ARQEEAGTEI | BM106: RQEEAGTEIS | BN106: QEEAGTEISI | BO106: EEAGTEISIP | BP106: EAGTEISIPR | BQ106: YPYDVPDYAG
A107: 28 | B107: G | C107: YLKDSDFLDA | D107: LKDSDFLDAA | E107: KDSDFLDAAL | F107: DSDFLDAALD | G107: SDFLDAALDF | H107: DFLDAALDFN | I107: FLDAALDFNY | J107: LDAALDFNYL | K107: DAALDFNYLD | L107: AALDFNYLDL | M107: ALDFNYLDLS | N107: LDFNYLDLSA | O107: DFNYLDLSAL | P107: FNYLDLSALL | Q107: NYLDLSALLR | R107: YLDLSALLRN | S107: LDLSALLRNS | T107: DLSALLRNSF | U107: LSALLRNSFH | V107: SALLRNSFHR | W107: ALLRNSFHRY | X107: LLRNSFHRYA | Y107: LRNSFHRYAV | Z107: RNSFHRYAVD | AA107: NSFHRYAVDV | AB107: SFHRYAVDVL | AC107: FHRYAVDVLK | AD107: HRYAVDVLKS | AE107: RYAVDVLKSG | AF107: YAVDVLKSGR | AG107: AVDVLKSGRC | AH107: VDVLKSGRCQ | AI107: DVLKSGRCQM | AJ107: VLKSGRCQML | AK107: LKSGRCQMLD | AL107: KSGRCQMLDR | AM107: SGRCQMLDRR | AN107: GRCQMLDRRT | AO107: RCQMLDRRTV | AP107: CQMLDRRTVE | AQ107: QMLDRRTVEM | AR107: MLDRRTVEMA | AS107: LDRRTVEMAF | AT107: DRRTVEMAFA | AU107: RRTVEMAFAY | AV107: RTVEMAFAYA | AW107: TVEMAFAYAL | AX107: VEMAFAYALA | AY107: EMAFAYALAL | AZ107: MAFAYALALF | BA107: AFAYALALFA | BB107: FAYALALFAA | BC107: AYALALFAAA | BD107: YALALFAAAR | BE107: ALALFAAARQ | BF107: LALFAAARQE | BG107: ALFAAARQEE | BH107: LFAAARQEEA | BI107: FAAARQEEAG | BJ107: AAARQEEAGT | BK107: AARQEEAGTE | BL107: ARQEEAGTEI | BM107: RQEEAGTEIS | BN107: QEEAGTEISI | BO107: EEAGTEISIP | BP107: EAGTEISIPR | BQ107: G
A108: 29 | B108: YPYDVPDYAG | C108: AGTEISIPRA | D108: GTEISIPRAL | E108: TEISIPRALD | F108: EISIPRALDR | G108: ISIPRALDRQ | H108: SIPRALDRQA | I108: IPRALDRQAA | J108: PRALDRQAAL | K108: RALDRQAALL | L108: ALDRQAALLQ | M108: LDRQAALLQI | N108: DRQAALLQIQ | O108: RQAALLQIQE | P108: QAALLQIQEF | Q108: AALLQIQEFM | R108: ALLQIQEFMI | S108: LLQIQEFMIT | T108: LQIQEFMITC | U108: QIQEFMITCL | V108: IQEFMITCLS | W108: QEFMITCLSQ | X108: EFMITCLSQT | Y108: FMITCLSQTP | Z108: MITCLSQTPP | AA108: ITCLSQTPPR | AB108: TCLSQTPPRT | AC108: CLSQTPPRTT | AD108: LSQTPPRTTL | AE108: SQTPPRTTLL | AF108: QTPPRTTLLL | AG108: TPPRTTLLLY | AH108: PPRTTLLLYP | AI108: PRTTLLLYPT | AJ108: RTTLLLYPTA | AK108: TTLLLYPTAV | AL108: TLLLYPTAVD | AM108: LLLYPTAVDL | AN108: LLYPTAVDLA | AO108: LYPTAVDLAK | AP108: YPTAVDLAKR | AQ108: PTAVDLAKRA | AR108: TAVDLAKRAL | AS108: AVDLAKRALW | AT108: VDLAKRALWT | AU108: DLAKRALWTP | AV108: LAKRALWTPD | AW108: AKRALWTPDQ | AX108: KRALWTPDQI | AY108: RALWTPDQIT | AZ108: ALWTPDQITD | BA108: LWTPDQITDI | BB108: WTPDQITDIT | BC108: TPDQITDITS | BD108: PDQITDITSL | BE108: DQITDITSLV | BF108: QITDITSLVR | BG108: ITDITSLVRL | BH108: TDITSLVRLV | BI108: DITSLVRLVY | BJ108: ITSLVRLVYI | BK108: TSLVRLVYIL | BL108: SLVRLVYILS | BM108: LVRLVYILSK | BN108: VRLVYILSKQ | BO108: RLVYILSKQN | BP108: LVYILSKQNQ | BQ108: YPYDVPDYAG
A109: 30 | B109: G | C109: AGTEISIPRA | D109: GTEISIPRAL | E109: TEISIPRALD | F109: EISIPRALDR | G109: ISIPRALDRQ | H109: SIPRALDRQA | I109: IPRALDRQAA | J109: PRALDRQAAL | K109: RALDRQAALL | L109: ALDRQAALLQ | M109: LDRQAALLQI | N109: DRQAALLQIQ | O109: RQAALLQIQE | P109: QAALLQIQEF | Q109: AALLQIQEFM | R109: ALLQIQEFMI | S109: LLQIQEFMIT | T109: LQIQEFMITC | U109: QIQEFMITCL | V109: IQEFMITCLS | W109: QEFMITCLSQ | X109: EFMITCLSQT | Y109: FMITCLSQTP | Z109: MITCLSQTPP | AA109: ITCLSQTPPR | AB109: TCLSQTPPRT | AC109: CLSQTPPRTT | AD109: LSQTPPRTTL | AE109: SQTPPRTTLL | AF109: QTPPRTTLLL | AG109: TPPRTTLLLY | AH109: PPRTTLLLYP | AI109: PRTTLLLYPT | AJ109: RTTLLLYPTA | AK109: TTLLLYPTAV | AL109: TLLLYPTAVD | AM109: LLLYPTAVDL | AN109: LLYPTAVDLA | AO109: LYPTAVDLAK | AP109: YPTAVDLAKR | AQ109: PTAVDLAKRA | AR109: TAVDLAKRAL | AS109: AVDLAKRALW | AT109: VDLAKRALWT | AU109: DLAKRALWTP | AV109: LAKRALWTPD | AW109: AKRALWTPDQ | AX109: KRALWTPDQI | AY109: RALWTPDQIT | AZ109: ALWTPDQITD | BA109: LWTPDQITDI | BB109: WTPDQITDIT | BC109: TPDQITDITS | BD109: PDQITDITSL | BE109: DQITDITSLV | BF109: QITDITSLVR | BG109: ITDITSLVRL | BH109: TDITSLVRLV | BI109: DITSLVRLVY | BJ109: ITSLVRLVYI | BK109: TSLVRLVYIL | BL109: SLVRLVYILS | BM109: LVRLVYILSK | BN109: VRLVYILSKQ | BO109: RLVYILSKQN | BP109: LVYILSKQNQ | BQ109: G
A110: 31 | B110: YPYDVPDYAG | C110: VYILSKQNQQ | D110: YILSKQNQQH | E110: ILSKQNQQHL | F110: LSKQNQQHLI | G110: SKQNQQHLIP | H110: KQNQQHLIPQ | I110: QNQQHLIPQW | J110: NQQHLIPQWA | K110: QQHLIPQWAL | L110: QHLIPQWALR | M110: HLIPQWALRQ | N110: LIPQWALRQI | O110: IPQWALRQIA | P110: PQWALRQIAD | Q110: QWALRQIADF | R110: WALRQIADFA | S110: ALRQIADFAL | T110: LRQIADFALQ | U110: RQIADFALQL | V110: QIADFALQLH | W110: IADFALQLHK | X110: ADFALQLHKT | Y110: DFALQLHKTH | Z110: FALQLHKTHL | AA110: ALQLHKTHLA | AB110: LQLHKTHLAS | AC110: QLHKTHLASF | AD110: LHKTHLASFL | AE110: HKTHLASFLS | AF110: KTHLASFLSA | AG110: THLASFLSAF | AH110: HLASFLSAFA | AI110: LASFLSAFAR | AJ110: ASFLSAFARQ | AK110: SFLSAFARQE | AL110: FLSAFARQEL | AM110: LSAFARQELY | AN110: SAFARQELYL | AO110: AFARQELYLM | AP110: FARQELYLMG | AQ110: ARQELYLMGS | AR110: RQELYLMGSL | AS110: QELYLMGSLV | AT110: ELYLMGSLVH | AU110: LYLMGSLVHS | AV110: YLMGSLVHSM | AW110: LMGSLVHSML | AX110: MGSLVHSMLV | AY110: GSLVHSMLVH | AZ110: SLVHSMLVHT | BA110: LVHSMLVHTT | BB110: VHSMLVHTTE | BC110: HSMLVHTTER | BD110: SMLVHTTERR | BE110: MLVHTTERRE | BF110: LVHTTERREI | BG110: VHTTERREIF | BH110: HTTERREIFI | BI110: TTERREIFIV | BJ110: TERREIFIVE | BK110: ERREIFIVET | BL110: RREIFIVETG | BM110: REIFIVETGL | BN110: EIFIVETGLC | BO110: IFIVETGLCS | BP110: FIVETGLCSL | BQ110: YPYDVPDYAG
A111: 32 | B111: G | C111: VYILSKQNQQ | D111: YILSKQNQQH | E111: ILSKQNQQHL | F111: LSKQNQQHLI | G111: SKQNQQHLIP | H111: KQNQQHLIPQ | I111: QNQQHLIPQW | J111: NQQHLIPQWA | K111: QQHLIPQWAL | L111: QHLIPQWALR | M111: HLIPQWALRQ | N111: LIPQWALRQI | O111: IPQWALRQIA | P111: PQWALRQIAD | Q111: QWALRQIADF | R111: WALRQIADFA | S111: ALRQIADFAL | T111: LRQIADFALQ | U111: RQIADFALQL | V111: QIADFALQLH | W111: IADFALQLHK | X111: ADFALQLHKT | Y111: DFALQLHKTH | Z111: FALQLHKTHL | AA111: ALQLHKTHLA | AB111: LQLHKTHLAS | AC111: QLHKTHLASF | AD111: LHKTHLASFL | AE111: HKTHLASFLS | AF111: KTHLASFLSA | AG111: THLASFLSAF | AH111: HLASFLSAFA | AI111: LASFLSAFAR | AJ111: ASFLSAFARQ | AK111: SFLSAFARQE | AL111: FLSAFARQEL | AM111: LSAFARQELY | AN111: SAFARQELYL | AO111: AFARQELYLM | AP111: FARQELYLMG | AQ111: ARQELYLMGS | AR111: RQELYLMGSL | AS111: QELYLMGSLV | AT111: ELYLMGSLVH | AU111: LYLMGSLVHS | AV111: YLMGSLVHSM | AW111: LMGSLVHSML | AX111: MGSLVHSMLV | AY111: GSLVHSMLVH | AZ111: SLVHSMLVHT | BA111: LVHSMLVHTT | BB111: VHSMLVHTTE | BC111: HSMLVHTTER | BD111: SMLVHTTERR | BE111: MLVHTTERRE | BF111: LVHTTERREI | BG111: VHTTERREIF | BH111: HTTERREIFI | BI111: TTERREIFIV | BJ111: TERREIFIVE | BK111: ERREIFIVET | BL111: RREIFIVETG | BM111: REIFIVETGL | BN111: EIFIVETGLC | BO111: IFIVETGLCS | BP111: FIVETGLCSL | BQ111: G
... A117: 38 | B117: G | C117: QSKCELTRNM | D117: SKCELTRNMH | E117: KCELTRNMHT | F117: CELTRNMHTT | G117: ELTRNMHTTH | H117: LTRNMHTTHS | I117: TRNMHTTHSI | J117: RNMHTTHSIT | K117: NMHTTHSITA | L117: MHTTHSITAA | M117: HTTHSITAAL | N117: TTHSITAALN | O117: THSITAALNI | P117: HSITAALNIS | Q117: SITAALNISL | R117: ITAALNISLE | S117: TAALNISLEN | T117: AALNISLENC | U117: ALNISLENCA | V117: LNISLENCAF | W117: NISLENCAFC | X117: ISLENCAFCQ | Y117: SLENCAFCQS | Z117: LENCAFCQSA | AA117: ENCAFCQSAL | AB117: NCAFCQSALL | AC117: CAFCQSALLE | AD117: AFCQSALLEY | AE117: FCQSALLEYD | AF117: CQSALLEYDD | AG117: QSALLEYDDT | AH117: SALLEYDDTQ | AI117: ALLEYDDTQG | AJ117: LLEYDDTQGV | AK117: LEYDDTQGVI | AL117: EYDDTQGVIN | AM117: YDDTQGVINI | AN117: DDTQGVINIM | AO117: DTQGVINIMY | AP117: TQGVINIMYM | AQ117: QGVINIMYMH | AR117: GVINIMYMHD | AS117: VINIMYMHDS | AT117: INIMYMHDSD | AU117: NIMYMHDSDD | AV117: IMYMHDSDDV | AW117: MYMHDSDDVL | AX117: YMHDSDDVLF | AY117: MHDSDDVLFA | AZ117: HDSDDVLFAL | BA117: DSDDVLFALD | BB117: SDDVLFALDP | BC117: DDVLFALDPY | BD117: DVLFALDPYN | BE117: VLFALDPYNE | BF117: LFALDPYNEV | BG117: FALDPYNEVV | BH117: ALDPYNEVVV | BI117: LDPYNEVVVS | BJ117: DPYNEVVVSS | BK117: PYNEVVVSSP | BL117: YNEVVVSSPR | BM117: NEVVVSSPRT | BN117: EVVVSSPRTH | BO117: VVVSSPRTHY | BP117: VVSSPRTHYL | BQ117: G
A118: 39 | B118: YPYDVPDYAG | C118: VSSPRTHYLM | D118: SSPRTHYLML | E118: SPRTHYLMLL | F118: PRTHYLMLLK | G118: RTHYLMLLKG | H118: THYLMLLKGS | I118: HYLMLLKGSG | J118: YLMLLKGSGS | K118: LMLLKGSGSG | L118: MLLKGSGSGS | M118: LLKGSGSGSG | BQ118: YPYDVPDYAG
A119: 40 | B119: G | C119: VSSPRTHYLM | D119: SSPRTHYLML | E119: SPRTHYLMLL | F119: PRTHYLMLLK | G119: RTHYLMLLKG | H119: THYLMLLKGS | I119: HYLMLLKGSG | J119: YLMLLKGSGS | K119: LMLLKGSGSG | L119: MLLKGSGSGS | M119: LLKGSGSGSG | BQ119: G
A120: 41 | B120: YPYDVPDYAG | C120: GSGSGSGPLAEQF | D120: SGSGSGPLAEQFL | E120: GSGSGPLAEQFLN | F120: SGSGPLAEQFLNQ | G120: GSGPLAEQFLNQV | H120: SGPLAEQFLNQVD | I120: GPLAEQFLNQVDL | J120: PLAEQFLNQVDLT | K120: LAEQFLNQVDLTE | L120: AEQFLNQVDLTET | M120: EQFLNQVDLTETL | N120: QFLNQVDLTETLE | O120: FLNQVDLTETLER | P120: LNQVDLTETLERY | Q120: NQVDLTETLERYQ | R120: QVDLTETLERYQQ | S120: VDLTETLERYQQR | T120: DLTETLERYQQRL | U120: LTETLERYQQRLN | V120: TETLERYQQRLNT | W120: ETLERYQQRLNTY | X120: TLERYQQRLNTYA | Y120: LERYQQRLNTYAL | Z120: ERYQQRLNTYALV | AA120: RYQQRLNTYALVS | AB120: YQQRLNTYALVSK | AC120: QQRLNTYALVSKD | AD120: QRLNTYALVSKDL | AE120: RLNTYALVSKDLA | AF120: LNTYALVSKDLAS | AG120: NTYALVSKDLASY | AH120: TYALVSKDLASYR | AI120: YALVSKDLASYRS | AJ120: ALVSKDLASYRSF | AK120: LVSKDLASYRSFS | AL120: VSKDLASYRSFSQ | AM120: SKDLASYRSFSQQ | AN120: KDLASYRSFSQQL | AO120: DLASYRSFSQQLK | AP120: LASYRSFSQQLKA | AQ120: ASYRSFSQQLKAQ | AR120: SYRSFSQQLKAQD | AS120: YRSFSQQLKAQDS | AT120: RSFSQQLKAQDSL | AU120: SFSQQLKAQDSLG | AV120: FSQQLKAQDSLGQ | AW120: SQQLKAQDSLGQQ | AX120: QQLKAQDSLGQQP | AY120: QLKAQDSLGQQPT | AZ120: LKAQDSLGQQPTT | BA120: KAQDSLGQQPTTV | BB120: AQDSLGQQPTTVP | BC120: QDSLGQQPTTVPP | BD120: DSLGQQPTTVPPP | BE120: SLGQQPTTVPPPI | BF120: LGQQPTTVPPPID | BG120: GQQPTTVPPPIDL | BH120: QQPTTVPPPIDLS | BI120: QPTTVPPPIDLSI | BJ120: PTTVPPPIDLSIP | BK120: TTVPPPIDLSIPH | BL120: TVPPPIDLSIPHV | BM120: VPPPIDLSIPHVW | BN120: PPPIDLSIPHVWM | BO120: PPIDLSIPHVWMP | BP120: PIDLSIPHVWMPP | BQ120: YPYDVPDYAG
A121: 42 | B121: G | C121: GSGSGSGPLAEQF | D121: SGSGSGPLAEQFL | E121: GSGSGPLAEQFLN | F121: SGSGPLAEQFLNQ | G121: GSGPLAEQFLNQV | H121: SGPLAEQFLNQVD | I121: GPLAEQFLNQVDL | J121: PLAEQFLNQVDLT | K121: LAEQFLNQVDLTE | L121: AEQFLNQVDLTET | M121: EQFLNQVDLTETL | N121: QFLNQVDLTETLE | O121: FLNQVDLTETLER | P121: LNQVDLTETLERY | Q121: NQVDLTETLERYQ | R121: QVDLTETLERYQQ | S121: VDLTETLERYQQR | T121: DLTETLERYQQRL | U121: LTETLERYQQRLN | V121: TETLERYQQRLNT | W121: ETLERYQQRLNTY | X121: TLERYQQRLNTYA | Y121: LERYQQRLNTYAL | Z121: ERYQQRLNTYALV | AA121: RYQQRLNTYALVS | AB121: YQQRLNTYALVSK | AC121: QQRLNTYALVSKD | AD121: QRLNTYALVSKDL | AE121: RLNTYALVSKDLA | AF121: LNTYALVSKDLAS | AG121: NTYALVSKDLASY | AH121: TYALVSKDLASYR | AI121: YALVSKDLASYRS | AJ121: ALVSKDLASYRSF | AK121: LVSKDLASYRSFS | AL121: VSKDLASYRSFSQ | AM121: SKDLASYRSFSQQ | AN121: KDLASYRSFSQQL | AO121: DLASYRSFSQQLK | AP121: LASYRSFSQQLKA | AQ121: ASYRSFSQQLKAQ | AR121: SYRSFSQQLKAQD | AS121: YRSFSQQLKAQDS | AT121: RSFSQQLKAQDSL | AU121: SFSQQLKAQDSLG | AV121: FSQQLKAQDSLGQ | AW121: SQQLKAQDSLGQQ | AX121: QQLKAQDSLGQQP | AY121: QLKAQDSLGQQPT | AZ121: LKAQDSLGQQPTT | BA121: KAQDSLGQQPTTV | BB121: AQDSLGQQPTTVP | BC121: QDSLGQQPTTVPP | BD121: DSLGQQPTTVPPP | BE121: SLGQQPTTVPPPI | BF121: LGQQPTTVPPPID | BG121: GQQPTTVPPPIDL | BH121: QQPTTVPPPIDLS | BI121: QPTTVPPPIDLSI | BJ121: PTTVPPPIDLSIP | BK121: TTVPPPIDLSIPH | BL121: TVPPPIDLSIPHV | BM121: VPPPIDLSIPHVW | BN121: PPPIDLSIPHVWM | BO121: PPIDLSIPHVWMP | BP121: PIDLSIPHVWMPP | BQ121: G
A122: 43 | B122: YPYDVPDYAG | C122: IDLSIPHVWMPPQ | D122: DLSIPHVWMPPQT | E122: LSIPHVWMPPQTT | F122: SIPHVWMPPQTTP | G122: IPHVWMPPQTTPH | H122: PHVWMPPQTTPHD | I122: HVWMPPQTTPHDW | J122: VWMPPQTTPHDWK | K122: WMPPQTTPHDWKG | L122: MPPQTTPHDWKGS | M122: PPQTTPHDWKGSH | N122: PQTTPHDWKGSHT | O122: QTTPHDWKGSHTT | P122: TTPHDWKGSHTTS | Q122: TPHDWKGSHTTSG | R122: PHDWKGSHTTSGL | S122: HDWKGSHTTSGLH | T122: DWKGSHTTSGLHR | U122: WKGSHTTSGLHRP | V122: KGSHTTSGLHRPH | W122: GSHTTSGLHRPHF | X122: SHTTSGLHRPHFN | Y122: HTTSGLHRPHFNQ | Z122: TTSGLHRPHFNQT | AA122: TSGLHRPHFNQTC | AB122: SGLHRPHFNQTCI | AC122: GLHRPHFNQTCIL | AD122: LHRPHFNQTCILF | AE122: HRPHFNQTCILFD | AF122: RPHFNQTCILFDG | AG122: PHFNQTCILFDGH | AH122: HFNQTCILFDGHD | AI122: FNQTCILFDGHDL | AJ122: NQTCILFDGHDLL | AK122: QTCILFDGHDLLF | AL122: TCILFDGHDLLFS | AM122: CILFDGHDLLFST | AN122: ILFDGHDLLFSTV | AO122: LFDGHDLLFSTVT | AP122: FDGHDLLFSTVTP | AQ122: DGHDLLFSTVTPC | AR122: GHDLLFSTVTPCL | AS122: HDLLFSTVTPCLH | AT122: DLLFSTVTPCLHQ | AU122: LLFSTVTPCLHQG | AV122: LFSTVTPCLHQGF | AW122: FSTVTPCLHQGFY | AX122: STVTPCLHQGFYL | AY122: TVTPCLHQGFYLM | AZ122: VTPCLHQGFYLMD | BA122: TPCLHQGFYLMDE | BB122: PCLHQGFYLMDEL | BC122: CLHQGFYLMDELR | BD122: LHQGFYLMDELRY | BE122: HQGFYLMDELRYV | BF122: QGFYLMDELRYVK | BG122: GFYLMDELRYVKI | BH122: FYLMDELRYVKIT | BI122: YLMDELRYVKITL | BJ122: LMDELRYVKITLT | BK122: MDELRYVKITLTE | BL122: DELRYVKITLTED | BM122: ELRYVKITLTEDF | BN122: LRYVKITLTEDFF | BO122: RYVKITLTEDFFV | BP122: YVKITLTEDFFVV | BQ122: YPYDVPDYAG
A123: 44 | B123: G | C123: IDLSIPHVWMPPQ | D123: DLSIPHVWMPPQT | E123: LSIPHVWMPPQTT | F123: SIPHVWMPPQTTP | G123: IPHVWMPPQTTPH | H123: PHVWMPPQTTPHD | I123: HVWMPPQTTPHDW | J123: VWMPPQTTPHDWK | K123: WMPPQTTPHDWKG | L123: MPPQTTPHDWKGS | M123: PPQTTPHDWKGSH | N123: PQTTPHDWKGSHT | O123: QTTPHDWKGSHTT | P123: TTPHDWKGSHTTS | Q123: TPHDWKGSHTTSG | R123: PHDWKGSHTTSGL | S123: HDWKGSHTTSGLH | T123: DWKGSHTTSGLHR | U123: WKGSHTTSGLHRP | V123: KGSHTTSGLHRPH | W123: GSHTTSGLHRPHF | X123: SHTTSGLHRPHFN | Y123: HTTSGLHRPHFNQ | Z123: TTSGLHRPHFNQT | AA123: TSGLHRPHFNQTC | AB123: SGLHRPHFNQTCI | AC123: GLHRPHFNQTCIL | AD123: LHRPHFNQTCILF | AE123: HRPHFNQTCILFD | AF123: RPHFNQTCILFDG | AG123: PHFNQTCILFDGH | AH123: HFNQTCILFDGHD | AI123: FNQTCILFDGHDL | AJ123: NQTCILFDGHDLL | AK123: QTCILFDGHDLLF | AL123: TCILFDGHDLLFS | AM123: CILFDGHDLLFST | AN123: ILFDGHDLLFSTV | AO123: LFDGHDLLFSTVT | AP123: FDGHDLLFSTVTP | AQ123: DGHDLLFSTVTPC | AR123: GHDLLFSTVTPCL | AS123: HDLLFSTVTPCLH | AT123: DLLFSTVTPCLHQ | AU123: LLFSTVTPCLHQG | AV123: LFSTVTPCLHQGF | AW123: FSTVTPCLHQGFY | AX123: STVTPCLHQGFYL | AY123: TVTPCLHQGFYLM | AZ123: VTPCLHQGFYLMD | BA123: TPCLHQGFYLMDE | BB123: PCLHQGFYLMDEL | BC123: CLHQGFYLMDELR | BD123: LHQGFYLMDELRY | BE123: HQGFYLMDELRYV | BF123: QGFYLMDELRYVK | BG123: GFYLMDELRYVKI | BH123: FYLMDELRYVKIT | BI123: YLMDELRYVKITL | BJ123: LMDELRYVKITLT | BK123: MDELRYVKITLTE | BL123: DELRYVKITLTED | BM123: ELRYVKITLTEDF | BN123: LRYVKITLTEDFF | BO123: RYVKITLTEDFFV | BP123: YVKITLTEDFFVV | BQ123: G
A124: 45 | B124: YPYDVPDYAG | C124: VKITLTEDFFVVT | D124: KITLTEDFFVVTV | E124: ITLTEDFFVVTVS | F124: TLTEDFFVVTVSI | G124: LTEDFFVVTVSID | H124: TEDFFVVTVSIDD | I124: EDFFVVTVSIDDD | J124: DFFVVTVSIDDDT | K124: FFVVTVSIDDDTP | L124: FVVTVSIDDDTPM | M124: VVTVSIDDDTPML | N124: VTVSIDDDTPMLL | O124: TVSIDDDTPMLLI | P124: VSIDDDTPMLLIF | Q124: SIDDDTPMLLIFG | R124: IDDDTPMLLIFGH | S124: DDDTPMLLIFGHL | T124: DDTPMLLIFGHLP | U124: DTPMLLIFGHLPR | V124: TPMLLIFGHLPRV | W124: PMLLIFGHLPRVL | X124: MLLIFGHLPRVLF | Y124: LLIFGHLPRVLFK | Z124: LIFGHLPRVLFKA | AA124: IFGHLPRVLFKAP | AB124: FGHLPRVLFKAPY | AC124: GHLPRVLFKAPYQ | AD124: HLPRVLFKAPYQR | AE124: LPRVLFKAPYQRD | AF124: PRVLFKAPYQRDN | AG124: RVLFKAPYQRDNF | AH124: VLFKAPYQRDNFI | AI124: LFKAPYQRDNFIL | AJ124: FKAPYQRDNFILR | AK124: KAPYQRDNFILRQ | AL124: APYQRDNFILRQT | AM124: PYQRDNFILRQTE | AN124: YQRDNFILRQTEK | AO124: QRDNFILRQTEKH | AP124: RDNFILRQTEKHE | AQ124: DNFILRQTEKHEL | AR124: NFILRQTEKHELL | AS124: FILRQTEKHELLV | AT124: ILRQTEKHELLVL | AU124: LRQTEKHELLVLV | AV124: RQTEKHELLVLVK | AW124: QTEKHELLVLVKK | AX124: TEKHELLVLVKKT | AY124: EKHELLVLVKKTQ | AZ124: KHELLVLVKKTQL | BA124: HELLVLVKKTQLN | BB124: ELLVLVKKTQLNR | BC124: LLVLVKKTQLNRH | BD124: LVLVKKTQLNRHS | BE124: VLVKKTQLNRHSY | BF124: LVKKTQLNRHSYL | BG124: VKKTQLNRHSYLK | BH124: KKTQLNRHSYLKD | BI124: KTQLNRHSYLKDS | BJ124: TQLNRHSYLKDSD | BK124: QLNRHSYLKDSDF | BL124: LNRHSYLKDSDFL | BM124: NRHSYLKDSDFLD | BN124: RHSYLKDSDFLDA | BO124: HSYLKDSDFLDAA | BP124: SYLKDSDFLDAAL | BQ124: YPYDVPDYAG
A125: 46 | B125: G | C125: VKITLTEDFFVVT | D125: KITLTEDFFVVTV | E125: ITLTEDFFVVTVS | F125: TLTEDFFVVTVSI | G125: LTEDFFVVTVSID | H125: TEDFFVVTVSIDD | I125: EDFFVVTVSIDDD | J125: DFFVVTVSIDDDT | K125: FFVVTVSIDDDTP | L125: FVVTVSIDDDTPM | M125: VVTVSIDDDTPML | N125: VTVSIDDDTPMLL | O125: TVSIDDDTPMLLI | P125: VSIDDDTPMLLIF | Q125: SIDDDTPMLLIFG | R125: IDDDTPMLLIFGH | S125: DDDTPMLLIFGHL | T125: DDTPMLLIFGHLP | U125: DTPMLLIFGHLPR | V125: TPMLLIFGHLPRV | W125: PMLLIFGHLPRVL | X125: MLLIFGHLPRVLF | Y125: LLIFGHLPRVLFK | Z125: LIFGHLPRVLFKA | AA125: IFGHLPRVLFKAP | AB125: FGHLPRVLFKAPY | AC125: GHLPRVLFKAPYQ | AD125: HLPRVLFKAPYQR | AE125: LPRVLFKAPYQRD | AF125: PRVLFKAPYQRDN | AG125: RVLFKAPYQRDNF | AH125: VLFKAPYQRDNFI | AI125: LFKAPYQRDNFIL | AJ125: FKAPYQRDNFILR | AK125: KAPYQRDNFILRQ | AL125: APYQRDNFILRQT | AM125: PYQRDNFILRQTE | AN125: YQRDNFILRQTEK | AO125: QRDNFILRQTEKH | AP125: RDNFILRQTEKHE | AQ125: DNFILRQTEKHEL | AR125: NFILRQTEKHELL | AS125: FILRQTEKHELLV | AT125: ILRQTEKHELLVL | AU125: LRQTEKHELLVLV | AV125: RQTEKHELLVLVK | AW125: QTEKHELLVLVKK | AX125: TEKHELLVLVKKT | AY125: EKHELLVLVKKTQ | AZ125: KHELLVLVKKTQL | BA125: HELLVLVKKTQLN | BB125: ELLVLVKKTQLNR | BC125: LLVLVKKTQLNRH | BD125: LVLVKKTQLNRHS | BE125: VLVKKTQLNRHSY | BF125: LVKKTQLNRHSYL | BG125: VKKTQLNRHSYLK | BH125: KKTQLNRHSYLKD | BI125: KTQLNRHSYLKDS | BJ125: TQLNRHSYLKDSD | BK125: QLNRHSYLKDSDF | BL125: LNRHSYLKDSDFL | BM125: NRHSYLKDSDFLD | BN125: RHSYLKDSDFLDA | BO125: HSYLKDSDFLDAA | BP125: SYLKDSDFLDAAL | BQ125: G
A126: 47 | B126: YPYDVPDYAG | C126: YLKDSDFLDAALD | D126: LKDSDFLDAALDF | E126: KDSDFLDAALDFN | F126: DSDFLDAALDFNY | G126: SDFLDAALDFNYL | H126: DFLDAALDFNYLD | I126: FLDAALDFNYLDL | J126: LDAALDFNYLDLS | K126: DAALDFNYLDLSA | L126: AALDFNYLDLSAL | M126: ALDFNYLDLSALL | N126: LDFNYLDLSALLR | O126: DFNYLDLSALLRN | P126: FNYLDLSALLRNS | Q126: NYLDLSALLRNSF | R126: YLDLSALLRNSFH | S126: LDLSALLRNSFHR | T126: DLSALLRNSFHRY | U126: LSALLRNSFHRYA | V126: SALLRNSFHRYAV | W126: ALLRNSFHRYAVD | X126: LLRNSFHRYAVDV | Y126: LRNSFHRYAVDVL | Z126: RNSFHRYAVDVLK | AA126: NSFHRYAVDVLKS | AB126: SFHRYAVDVLKSG | AC126: FHRYAVDVLKSGR | AD126: HRYAVDVLKSGRC | AE126: RYAVDVLKSGRCQ | AF126: YAVDVLKSGRCQM | AG126: AVDVLKSGRCQML | AH126: VDVLKSGRCQMLD | AI126: DVLKSGRCQMLDR | AJ126: VLKSGRCQMLDRR | AK126: LKSGRCQMLDRRT | AL126: KSGRCQMLDRRTV | AM126: SGRCQMLDRRTVE | AN126: GRCQMLDRRTVEM | AO126: RCQMLDRRTVEMA | AP126: CQMLDRRTVEMAF | AQ126: QMLDRRTVEMAFA | AR126: MLDRRTVEMAFAY | AS126: LDRRTVEMAFAYA | AT126: DRRTVEMAFAYAL | AU126: RRTVEMAFAYALA | AV126: RTVEMAFAYALAL | AW126: TVEMAFAYALALF | AX126: VEMAFAYALALFA | AY126: EMAFAYALALFAA | AZ126: MAFAYALALFAAA | BA126: AFAYALALFAAAR | BB126: FAYALALFAAARQ | BC126: AYALALFAAARQE | BD126: YALALFAAARQEE | BE126: ALALFAAARQEEA | BF126: LALFAAARQEEAG | BG126: ALFAAARQEEAGT | BH126: LFAAARQEEAGTE | BI126: FAAARQEEAGTEI | BJ126: AAARQEEAGTEIS | BK126: AARQEEAGTEISI | BL126: ARQEEAGTEISIP | BM126: RQEEAGTEISIPR | BN126: QEEAGTEISIPRA | BO126: EEAGTEISIPRAL | BP126: EAGTEISIPRALD | BQ126: YPYDVPDYAG
A127: 48 | B127: G | C127: YLKDSDFLDAALD | D127: LKDSDFLDAALDF | E127: KDSDFLDAALDFN | F127: DSDFLDAALDFNY | G127: SDFLDAALDFNYL | H127: DFLDAALDFNYLD | I127: FLDAALDFNYLDL | J127: LDAALDFNYLDLS | K127: DAALDFNYLDLSA | L127: AALDFNYLDLSAL | M127: ALDFNYLDLSALL | N127: LDFNYLDLSALLR | O127: DFNYLDLSALLRN | P127: FNYLDLSALLRNS | Q127: NYLDLSALLRNSF | R127: YLDLSALLRNSFH | S127: LDLSALLRNSFHR | T127: DLSALLRNSFHRY | U127: LSALLRNSFHRYA | V127: SALLRNSFHRYAV | W127: ALLRNSFHRYAVD | X127: LLRNSFHRYAVDV | Y127: LRNSFHRYAVDVL | Z127: RNSFHRYAVDVLK | AA127: NSFHRYAVDVLKS | AB127: SFHRYAVDVLKSG | AC127: FHRYAVDVLKSGR | AD127: HRYAVDVLKSGRC | AE127: RYAVDVLKSGRCQ | AF127: YAVDVLKSGRCQM | AG127: AVDVLKSGRCQML | AH127: VDVLKSGRCQMLD | AI127: DVLKSGRCQMLDR | AJ127: VLKSGRCQMLDRR | AK127: LKSGRCQMLDRRT | AL127: KSGRCQMLDRRTV | AM127: SGRCQMLDRRTVE | AN127: GRCQMLDRRTVEM | AO127: RCQMLDRRTVEMA | AP127: CQMLDRRTVEMAF | AQ127: QMLDRRTVEMAFA | AR127: MLDRRTVEMAFAY | AS127: LDRRTVEMAFAYA | AT127: DRRTVEMAFAYAL | AU127: RRTVEMAFAYALA | AV127: RTVEMAFAYALAL | AW127: TVEMAFAYALALF | AX127: VEMAFAYALALFA | AY127: EMAFAYALALFAA | AZ127: MAFAYALALFAAA | BA127: AFAYALALFAAAR | BB127: FAYALALFAAARQ | BC127: AYALALFAAARQE | BD127: YALALFAAARQEE | BE127: ALALFAAARQEEA | BF127: LALFAAARQEEAG | BG127: ALFAAARQEEAGT | BH127: LFAAARQEEAGTE | BI127: FAAARQEEAGTEI | BJ127: AAARQEEAGTEIS | BK127: AARQEEAGTEISI | BL127: ARQEEAGTEISIP | BM127: RQEEAGTEISIPR | BN127: QEEAGTEISIPRA | BO127: EEAGTEISIPRAL | BP127: EAGTEISIPRALD | BQ127: G
A128: 49 | B128: YPYDVPDYAG | C128: AGTEISIPRALDR | D128: GTEISIPRALDRQ | E128: TEISIPRALDRQA | F128: EISIPRALDRQAA | G128: ISIPRALDRQAAL | H128: SIPRALDRQAALL | I128: IPRALDRQAALLQ | J128: PRALDRQAALLQI | K128: RALDRQAALLQIQ | L128: ALDRQAALLQIQE | M128: LDRQAALLQIQEF | N128: DRQAALLQIQEFM | O128: RQAALLQIQEFMI | P128: QAALLQIQEFMIT | Q128: AALLQIQEFMITC | R128: ALLQIQEFMITCL | S128: LLQIQEFMITCLS | T128: LQIQEFMITCLSQ | U128: QIQEFMITCLSQT | V128: IQEFMITCLSQTP | W128: QEFMITCLSQTPP | X128: EFMITCLSQTPPR | Y128: FMITCLSQTPPRT | Z128: MITCLSQTPPRTT | AA128: ITCLSQTPPRTTL | AB128: TCLSQTPPRTTLL | AC128: CLSQTPPRTTLLL | AD128: LSQTPPRTTLLLY | AE128: SQTPPRTTLLLYP | AF128: QTPPRTTLLLYPT | AG128: TPPRTTLLLYPTA | AH128: PPRTTLLLYPTAV | AI128: PRTTLLLYPTAVD | AJ128: RTTLLLYPTAVDL | AK128: TTLLLYPTAVDLA | AL128: TLLLYPTAVDLAK | AM128: LLLYPTAVDLAKR | AN128: LLYPTAVDLAKRA | AO128: LYPTAVDLAKRAL | AP128: YPTAVDLAKRALW | AQ128: PTAVDLAKRALWT | AR128: TAVDLAKRALWTP | AS128: AVDLAKRALWTPD | AT128: VDLAKRALWTPDQ | AU128: DLAKRALWTPDQI | AV128: LAKRALWTPDQIT | AW128: AKRALWTPDQITD | AX128: KRALWTPDQITDI | AY128: RALWTPDQITDIT | AZ128: ALWTPDQITDITS | BA128: LWTPDQITDITSL | BB128: WTPDQITDITSLV | BC128: TPDQITDITSLVR | BD128: PDQITDITSLVRL | BE128: DQITDITSLVRLV | BF128: QITDITSLVRLVY | BG128: ITDITSLVRLVYI | BH128: TDITSLVRLVYIL | BI128: DITSLVRLVYILS | BJ128: ITSLVRLVYILSK | BK128: TSLVRLVYILSKQ | BL128: SLVRLVYILSKQN | BM128: LVRLVYILSKQNQ | BN128: VRLVYILSKQNQQ | BO128: RLVYILSKQNQQH | BP128: LVYILSKQNQQHL | BQ128: YPYDVPDYAG
A129: 50 | B129: G | C129: AGTEISIPRALDR | D129: GTEISIPRALDRQ | E129: TEISIPRALDRQA | F129: EISIPRALDRQAA | G129: ISIPRALDRQAAL | H129: SIPRALDRQAALL | I129: IPRALDRQAALLQ | J129: PRALDRQAALLQI | K129: RALDRQAALLQIQ | L129: ALDRQAALLQIQE | M129: LDRQAALLQIQEF | N129: DRQAALLQIQEFM | O129: RQAALLQIQEFMI | P129: QAALLQIQEFMIT | Q129: AALLQIQEFMITC | R129: ALLQIQEFMITCL | S129: LLQIQEFMITCLS | T129: LQIQEFMITCLSQ | U129: QIQEFMITCLSQT | V129: IQEFMITCLSQTP | W129: QEFMITCLSQTPP | X129: EFMITCLSQTPPR | Y129: FMITCLSQTPPRT | Z129: MITCLSQTPPRTT | AA129: ITCLSQTPPRTTL | AB129: TCLSQTPPRTTLL | AC129: CLSQTPPRTTLLL | AD129: LSQTPPRTTLLLY | AE129: SQTPPRTTLLLYP | AF129: QTPPRTTLLLYPT | AG129: TPPRTTLLLYPTA | AH129: PPRTTLLLYPTAV | AI129: PRTTLLLYPTAVD | AJ129: RTTLLLYPTAVDL | AK129: TTLLLYPTAVDLA | AL129: TLLLYPTAVDLAK | AM129: LLLYPTAVDLAKR | AN129: LLYPTAVDLAKRA | AO129: LYPTAVDLAKRAL | AP129: YPTAVDLAKRALW | AQ129: PTAVDLAKRALWT | AR129: TAVDLAKRALWTP | AS129: AVDLAKRALWTPD | AT129: VDLAKRALWTPDQ | AU129: DLAKRALWTPDQI | AV129: LAKRALWTPDQIT | AW129: AKRALWTPDQITD | AX129: KRALWTPDQITDI | AY129: RALWTPDQITDIT | AZ129: ALWTPDQITDITS | BA129: LWTPDQITDITSL | BB129: WTPDQITDITSLV | BC129: TPDQITDITSLVR | BD129: PDQITDITSLVRL | BE129: DQITDITSLVRLV | BF129: QITDITSLVRLVY | BG129: ITDITSLVRLVYI | BH129: TDITSLVRLVYIL | BI129: DITSLVRLVYILS | BJ129: ITSLVRLVYILSK | BK129: TSLVRLVYILSKQ | BL129: SLVRLVYILSKQN | BM129: LVRLVYILSKQNQ | BN129: VRLVYILSKQNQQ | BO129: RLVYILSKQNQQH | BP129: LVYILSKQNQQHL | BQ129: G
A130: 51 | B130: YPYDVPDYAG | C130: VYILSKQNQQHLI | D130: YILSKQNQQHLIP | E130: ILSKQNQQHLIPQ | F130: LSKQNQQHLIPQW | G130: SKQNQQHLIPQWA | H130: KQNQQHLIPQWAL | I130: QNQQHLIPQWALR | J130: NQQHLIPQWALRQ | K130: QQHLIPQWALRQI | L130: QHLIPQWALRQIA | M130: HLIPQWALRQIAD | N130: LIPQWALRQIADF | O130: IPQWALRQIADFA | P130: PQWALRQIADFAL | Q130: QWALRQIADFALQ | R130: WALRQIADFALQL | S130: ALRQIADFALQLH | T130: LRQIADFALQLHK | U130: RQIADFALQLHKT | V130: QIADFALQLHKTH | W130: IADFALQLHKTHL | X130: ADFALQLHKTHLA | Y130: DFALQLHKTHLAS | Z130: FALQLHKTHLASF | AA130: ALQLHKTHLASFL | AB130: LQLHKTHLASFLS | AC130: QLHKTHLASFLSA | AD130: LHKTHLASFLSAF | AE130: HKTHLASFLSAFA | AF130: KTHLASFLSAFAR | AG130: THLASFLSAFARQ | AH130: HLASFLSAFARQE | AI130: LASFLSAFARQEL | AJ130: ASFLSAFARQELY | AK130: SFLSAFARQELYL | AL130: FLSAFARQELYLM | AM130: LSAFARQELYLMG | AN130: SAFARQELYLMGS | AO130: AFARQELYLMGSL | AP130: FARQELYLMGSLV | AQ130: ARQELYLMGSLVH | AR130: RQELYLMGSLVHS | AS130: QELYLMGSLVHSM | AT130: ELYLMGSLVHSML | AU130: LYLMGSLVHSMLV | AV130: YLMGSLVHSMLVH | AW130: LMGSLVHSMLVHT | AX130: MGSLVHSMLVHTT | AY130: GSLVHSMLVHTTE | AZ130: SLVHSMLVHTTER | BA130: LVHSMLVHTTERR | BB130: VHSMLVHTTERRE | BC130: HSMLVHTTERREI | BD130: SMLVHTTERREIF | BE130: MLVHTTERREIFI | BF130: LVHTTERREIFIV | BG130: VHTTERREIFIVE | BH130: HTTERREIFIVET | BI130: TTERREIFIVETG | BJ130: TERREIFIVETGL | BK130: ERREIFIVETGLC | BL130: RREIFIVETGLCS | BM130: REIFIVETGLCSL | BN130: EIFIVETGLCSLA | BO130: IFIVETGLCSLAE | BP130: FIVETGLCSLAEL | BQ130: YPYDVPDYAG
...

Sheet Intensity Map
A1: Intensity Map CMV gH (PEP20205091784) - Mouse Anti-CMV gH Antibody 13G1
A3: Microarray Content: | B3: Envelope glycoprotein H of CMV elongated with neutral GSGSGSG linkers at the C- and N-terminus and translated into overlapping peptides
A4: Sample: | B4: Mouse anti-CMV gH antibody 13G1
A5: Cyclization: | B5: N- to C-terminal thioether bridging
A6: Peptide Length: | B6: 7 aa, 10 aa and 13 aa
A7: Peptide Overlap: | B7: 6 aa, 9 aa and 12 aa
A8: Number of Peptides: | B8: 1815
A9: Number of Spots: | B9: 3.630 (peptides printed in duplicate)
A10: HA Controls: | B10: YPYDVPDYAG | C10: 128 spots
A13: Mouse antibody 13G1, 1 µg/ml | C13: 1 | D13: 2 | E13: 3 | F13: 4 | G13: 5 | H13: 6 | I13: 7 | J13: 8 | K13: 9 | L13: 10 | M13: 11 | N13: 12 | O13: 13 | P13: 14 | Q13: 15 | R13: 16 | S13: 17 | T13: 18 | U13: 19 | V13: 20 | W13: 21 | X13: 22 | Y13: 23 | Z13: 24 | AA13: 25 | AB13: 26 | AC13: 27 | AD13: 28 | AE13: 29 | AF13: 30 | AG13: 31 | AH13: 32 | AI13: 33 | AJ13: 34 | AK13: 35 | AL13: 36 | AM13: 37 | AN13: 38 | AO13: 39 | AP13: 40 | AQ13: 41 | AR13: 42 | AS13: 43 | AT13: 44 | AU13: 45 | AV13: 46 | AW13: 47 | AX13: 48 | AY13: 49 | AZ13: 50 | BA13: 51 | BB13: 52 | BC13: 53 | BD13: 54 | BE13: 55 | BF13: 56 | BG13: 57 | BH13: 58 | BI13: 59 | BJ13: 60 | BK13: 61 | BL13: 62 | BM13: 63 | BN13: 64 | BO13: 65 | BP13: 66
B14: YPYDVPDYAG | C14: G | D14: YPYDVPDYAG | E14: G | F14: YPYDVPDYAG | G14: G | H14: YPYDVPDYAG | I14: G | J14: YPYDVPDYAG | K14: G | L14: YPYDVPDYAG | M14: G | N14: YPYDVPDYAG | O14: G | P14: YPYDVPDYAG | Q14: G | R14: YPYDVPDYAG | S14: G | T14: YPYDVPDYAG | U14: G | V14: YPYDVPDYAG | W14: G | X14: YPYDVPDYAG | Y14: G | Z14: YPYDVPDYAG | AA14: G | AB14: YPYDVPDYAG | AC14: G | AD14: YPYDVPDYAG | AE14: G | AF14: YPYDVPDYAG | AG14: G | AH14: YPYDVPDYAG | AI14: G | AJ14: YPYDVPDYAG | AK14: G | AL14: YPYDVPDYAG | AM14: G | AN14: YPYDVPDYAG | AO14: G | AP14: YPYDVPDYAG | AQ14: G | AR14: YPYDVPDYAG | AS14: G | AT14: YPYDVPDYAG | AU14: G | AV14: YPYDVPDYAG | AW14: G | AX14: YPYDVPDYAG | AY14: G | AZ14: YPYDVPDYAG | BA14: G | BB14: YPYDVPDYAG | BC14: G | BD14: YPYDVPDYAG | BE14: G | BF14: YPYDVPDYAG | BG14: G | BH14: YPYDVPDYAG | BI14: G | BJ14: YPYDVPDYAG | BK14: G | BL14: YPYDVPDYAG | BM14: G | BN14: YPYDVPDYAG | BO14: G | BP14: YPYDVPDYAG | BQ14: G
A15: 1 | B15: YPYDVPDYAG | C15: =INDEX('Mapping Summary'!$H$6:$H$1820,MATCH('Peptide Map'!C15,'Mapping Summary'!$D$6:$D$1820,0)) -> 0 | D15: =INDEX('Mapping Summary'!$H$6:$H$1820,MATCH('Peptide Map'!D15,'Mapping Summary'!$D$6:$D$1820,0)) -> 0 | E15: =INDEX('Mapping Summary'!$H$6:$H$1820,MATCH('Peptide Map'!E15,'Mapping Summary'!$D$6:$D$1820,0)) -> 0 | F15: =INDEX('Mapping Summary'!$H$6:$H$1820,MATCH('Peptide Map'!F15,'Mapping Summary'!$D$6:$D$1820,0)) -> 0 | G15: =INDEX('Mapping Summary'!$H$6:$H$1820,MATCH('Peptide Map'!G15,'Mapping Summary'!$D$6:$D$1820,0)) -> 8.5 | H15: =INDEX('Mapping Summary'!$H$6:$H$1820,MATCH('Peptide Map'!H15,'Mapping Summary'!$D$6:$D$1820,0)) -> 0 | I15: =INDEX('Mapping Summary'!$H$6:$H$1820,MATCH('Peptide Map'!I15,'Mapping Summary'!$D$6:$D$1820,0)) -> 3.5 | J15: =INDEX('Mapping Summary'!$H$6:$H$1820,MATCH('Peptide Map'!J15,'Mapping Summary'!$D$6:$D$1820,0)) -> 8.5 | ... BP15: =INDEX('Mapping Summary'!$H$6:$H$1820,MATCH('Peptide Map'!BP15,'Mapping Summary'!$D$6:$D$1820,0)) -> 15.25 | BQ15: YPYDVPDYAG
A16: 2 | B16: G | C16: =INDEX('Mapping Summary'!$H$6:$H$1820,MATCH('Peptide Map'!C16,'Mapping Summary'!$D$6:$D$1820,0)) -> 0 | D16: =INDEX('Mapping Summary'!$H$6:$H$1820,MATCH('Peptide Map'!D16,'Mapping Summary'!$D$6:$D$1820,0)) -> 0 | E16: =INDEX('Mapping Summary'!$H$6:$H$1820,MATCH('Peptide Map'!E16,'Mapping Summary'!$D$6:$D$1820,0)) -> 0 | F16: =INDEX('Mapping Summary'!$H$6:$H$1820,MATCH('Peptide Map'!F16,'Mapping Summary'!$D$6:$D$1820,0)) -> 0 | G16: =INDEX('Mapping Summary'!$H$6:$H$1820,MATCH('Peptide Map'!G16,'Mapping Summary'!$D$6:$D$1820,0)) -> 8.5 | H16: =INDEX('Mapping Summary'!$H$6:$H$1820,MATCH('Peptide Map'!H16,'Mapping Summary'!$D$6:$D$1820,0)) -> 0 | I16: =INDEX('Mapping Summary'!$H$6:$H$1820,MATCH('Peptide Map'!I16,'Mapping Summary'!$D$6:$D$1820,0)) -> 3.5 | J16: =INDEX('Mapping Summary'!$H$6:$H$1820,MATCH('Peptide Map'!J16,'Mapping Summary'!$D$6:$D$1820,0)) -> 8.5 | ... BP16: =INDEX('Mapping Summary'!$H$6:$H$1820,MATCH('Peptide Map'!BP16,'Mapping Summary'!$D$6:$D$1820,0)) -> 15.25 | BQ16: G
A17: 3 | B17: YPYDVPDYAG | C17: =INDEX('Mapping Summary'!$H$6:$H$1820,MATCH('Peptide Map'!C17,'Mapping Summary'!$D$6:$D$1820,0)) -> 9 | D17: =INDEX('Mapping Summary'!$H$6:$H$1820,MATCH('Peptide Map'!D17,'Mapping Summary'!$D$6:$D$1820,0)) -> 0 | E17: =INDEX('Mapping Summary'!$H$6:$H$1820,MATCH('Peptide Map'!E17,'Mapping Summary'!$D$6:$D$1820,0)) -> 0 | F17: =INDEX('Mapping Summary'!$H$6:$H$1820,MATCH('Peptide Map'!F17,'Mapping Summary'!$D$6:$D$1820,0)) -> 0 | G17: =INDEX('Mapping Summary'!$H$6:$H$1820,MATCH('Peptide Map'!G17,'Mapping Summary'!$D$6:$D$1820,0)) -> 3 | H17: =INDEX('Mapping Summary'!$H$6:$H$1820,MATCH('Peptide Map'!H17,'Mapping Summary'!$D$6:$D$1820,0)) -> 0 | I17: =INDEX('Mapping Summary'!$H$6:$H$1820,MATCH('Peptide Map'!I17,'Mapping Summary'!$D$6:$D$1820,0)) -> 6.5 | J17: =INDEX('Mapping Summary'!$H$6:$H$1820,MATCH('Peptide Map'!J17,'Mapping Summary'!$D$6:$D$1820,0)) -> 0 | ... BP17: =INDEX('Mapping Summary'!$H$6:$H$1820,MATCH('Peptide Map'!BP17,'Mapping Summary'!$D$6:$D$1820,0)) -> 0 | BQ17: YPYDVPDYAG
A18: 4 | B18: G | C18: =INDEX('Mapping Summary'!$H$6:$H$1820,MATCH('Peptide Map'!C18,'Mapping Summary'!$D$6:$D$1820,0)) -> 9 | D18: =INDEX('Mapping Summary'!$H$6:$H$1820,MATCH('Peptide Map'!D18,'Mapping Summary'!$D$6:$D$1820,0)) -> 0 | E18: =INDEX('Mapping Summary'!$H$6:$H$1820,MATCH('Peptide Map'!E18,'Mapping Summary'!$D$6:$D$1820,0)) -> 0 | F18: =INDEX('Mapping Summary'!$H$6:$H$1820,MATCH('Peptide Map'!F18,'Mapping Summary'!$D$6:$D$1820,0)) -> 0 | G18: =INDEX('Mapping Summary'!$H$6:$H$1820,MATCH('Peptide Map'!G18,'Mapping Summary'!$D$6:$D$1820,0)) -> 3 | H18: =INDEX('Mapping Summary'!$H$6:$H$1820,MATCH('Peptide Map'!H18,'Mapping Summary'!$D$6:$D$1820,0)) -> 0 | I18: =INDEX('Mapping Summary'!$H$6:$H$1820,MATCH('Peptide Map'!I18,'Mapping Summary'!$D$6:$D$1820,0)) -> 6.5 | J18: =INDEX('Mapping Summary'!$H$6:$H$1820,MATCH('Peptide Map'!J18,'Mapping Summary'!$D$6:$D$1820,0)) -> 0 | ... BP18: =INDEX('Mapping Summary'!$H$6:$H$1820,MATCH('Peptide Map'!BP18,'Mapping Summary'!$D$6:$D$1820,0)) -> 0 | BQ18: G
A19: 5 | B19: YPYDVPDYAG | C19: =INDEX('Mapping Summary'!$H$6:$H$1820,MATCH('Peptide Map'!C19,'Mapping Summary'!$D$6:$D$1820,0)) -> 0 | D19: =INDEX('Mapping Summary'!$H$6:$H$1820,MATCH('Peptide Map'!D19,'Mapping Summary'!$D$6:$D$1820,0)) -> 2 | E19: =INDEX('Mapping Summary'!$H$6:$H$1820,MATCH('Peptide Map'!E19,'Mapping Summary'!$D$6:$D$1820,0)) -> 0 | F19: =INDEX('Mapping Summary'!$H$6:$H$1820,MATCH('Peptide Map'!F19,'Mapping Summary'!$D$6:$D$1820,0)) -> 7.5 | G19: =INDEX('Mapping Summary'!$H$6:$H$1820,MATCH('Peptide Map'!G19,'Mapping Summary'!$D$6:$D$1820,0)) -> 0 | H19: =INDEX('Mapping Summary'!$H$6:$H$1820,MATCH('Peptide Map'!H19,'Mapping Summary'!$D$6:$D$1820,0)) -> 8 | I19: =INDEX('Mapping Summary'!$H$6:$H$1820,MATCH('Peptide Map'!I19,'Mapping Summary'!$D$6:$D$1820,0)) -> 0 | J19: =INDEX('Mapping Summary'!$H$6:$H$1820,MATCH('Peptide Map'!J19,'Mapping Summary'!$D$6:$D$1820,0)) -> 4.5 | ... BP19: =INDEX('Mapping Summary'!$H$6:$H$1820,MATCH('Peptide Map'!BP19,'Mapping Summary'!$D$6:$D$1820,0)) -> 0 | BQ19: YPYDVPDYAG
A20: 6 | B20: G | C20: =INDEX('Mapping Summary'!$H$6:$H$1820,MATCH('Peptide Map'!C20,'Mapping Summary'!$D$6:$D$1820,0)) -> 0 | D20: =INDEX('Mapping Summary'!$H$6:$H$1820,MATCH('Peptide Map'!D20,'Mapping Summary'!$D$6:$D$1820,0)) -> 2 | E20: =INDEX('Mapping Summary'!$H$6:$H$1820,MATCH('Peptide Map'!E20,'Mapping Summary'!$D$6:$D$1820,0)) -> 0 | F20: =INDEX('Mapping Summary'!$H$6:$H$1820,MATCH('Peptide Map'!F20,'Mapping Summary'!$D$6:$D$1820,0)) -> 7.5 | G20: =INDEX('Mapping Summary'!$H$6:$H$1820,MATCH('Peptide Map'!G20,'Mapping Summary'!$D$6:$D$1820,0)) -> 0 | H20: =INDEX('Mapping Summary'!$H$6:$H$1820,MATCH('Peptide Map'!H20,'Mapping Summary'!$D$6:$D$1820,0)) -> 8 | I20: =INDEX('Mapping Summary'!$H$6:$H$1820,MATCH('Peptide Map'!I20,'Mapping Summary'!$D$6:$D$1820,0)) -> 0 | J20: =INDEX('Mapping Summary'!$H$6:$H$1820,MATCH('Peptide Map'!J20,'Mapping Summary'!$D$6:$D$1820,0)) -> 4.5 | ... BP20: =INDEX('Mapping Summary'!$H$6:$H$1820,MATCH('Peptide Map'!BP20,'Mapping Summary'!$D$6:$D$1820,0)) -> 0 | BQ20: G
A21: 7 | B21: YPYDVPDYAG | C21: =INDEX('Mapping Summary'!$H$6:$H$1820,MATCH('Peptide Map'!C21,'Mapping Summary'!$D$6:$D$1820,0)) -> 0 | D21: =INDEX('Mapping Summary'!$H$6:$H$1820,MATCH('Peptide Map'!D21,'Mapping Summary'!$D$6:$D$1820,0)) -> 0 | E21: =INDEX('Mapping Summary'!$H$6:$H$1820,MATCH('Peptide Map'!E21,'Mapping Summary'!$D$6:$D$1820,0)) -> 4.5 | F21: =INDEX('Mapping Summary'!$H$6:$H$1820,MATCH('Peptide Map'!F21,'Mapping Summary'!$D$6:$D$1820,0)) -> 5 | G21: =INDEX('Mapping Summary'!$H$6:$H$1820,MATCH('Peptide Map'!G21,'Mapping Summary'!$D$6:$D$1820,0)) -> 0 | H21: =INDEX('Mapping Summary'!$H$6:$H$1820,MATCH('Peptide Map'!H21,'Mapping Summary'!$D$6:$D$1820,0)) -> 0 | I21: =INDEX('Mapping Summary'!$H$6:$H$1820,MATCH('Peptide Map'!I21,'Mapping Summary'!$D$6:$D$1820,0)) -> 7 | J21: =INDEX('Mapping Summary'!$H$6:$H$1820,MATCH('Peptide Map'!J21,'Mapping Summary'!$D$6:$D$1820,0)) -> 4 | ... BP21: =INDEX('Mapping Summary'!$H$6:$H$1820,MATCH('Peptide Map'!BP21,'Mapping Summary'!$D$6:$D$1820,0)) -> 4.5 | BQ21: YPYDVPDYAG
A22: 8 | B22: G | C22: =INDEX('Mapping Summary'!$H$6:$H$1820,MATCH('Peptide Map'!C22,'Mapping Summary'!$D$6:$D$1820,0)) -> 0 | D22: =INDEX('Mapping Summary'!$H$6:$H$1820,MATCH('Peptide Map'!D22,'Mapping Summary'!$D$6:$D$1820,0)) -> 0 | E22: =INDEX('Mapping Summary'!$H$6:$H$1820,MATCH('Peptide Map'!E22,'Mapping Summary'!$D$6:$D$1820,0)) -> 4.5 | F22: =INDEX('Mapping Summary'!$H$6:$H$1820,MATCH('Peptide Map'!F22,'Mapping Summary'!$D$6:$D$1820,0)) -> 5 | G22: =INDEX('Mapping Summary'!$H$6:$H$1820,MATCH('Peptide Map'!G22,'Mapping Summary'!$D$6:$D$1820,0)) -> 0 | H22: =INDEX('Mapping Summary'!$H$6:$H$1820,MATCH('Peptide Map'!H22,'Mapping Summary'!$D$6:$D$1820,0)) -> 0 | I22: =INDEX('Mapping Summary'!$H$6:$H$1820,MATCH('Peptide Map'!I22,'Mapping Summary'!$D$6:$D$1820,0)) -> 7 | J22: =INDEX('Mapping Summary'!$H$6:$H$1820,MATCH('Peptide Map'!J22,'Mapping Summary'!$D$6:$D$1820,0)) -> 4 | ... BP22: =INDEX('Mapping Summary'!$H$6:$H$1820,MATCH('Peptide Map'!BP22,'Mapping Summary'!$D$6:$D$1820,0)) -> 4.5 | BQ22: G
A23: 9 | B23: YPYDVPDYAG | C23: =INDEX('Mapping Summary'!$H$6:$H$1820,MATCH('Peptide Map'!C23,'Mapping Summary'!$D$6:$D$1820,0)) -> 0 | D23: =INDEX('Mapping Summary'!$H$6:$H$1820,MATCH('Peptide Map'!D23,'Mapping Summary'!$D$6:$D$1820,0)) -> 0 | E23: =INDEX('Mapping Summary'!$H$6:$H$1820,MATCH('Peptide Map'!E23,'Mapping Summary'!$D$6:$D$1820,0)) -> 0 | F23: =INDEX('Mapping Summary'!$H$6:$H$1820,MATCH('Peptide Map'!F23,'Mapping Summary'!$D$6:$D$1820,0)) -> 0 | G23: =INDEX('Mapping Summary'!$H$6:$H$1820,MATCH('Peptide Map'!G23,'Mapping Summary'!$D$6:$D$1820,0)) -> 0 | H23: =INDEX('Mapping Summary'!$H$6:$H$1820,MATCH('Peptide Map'!H23,'Mapping Summary'!$D$6:$D$1820,0)) -> 0 | I23: =INDEX('Mapping Summary'!$H$6:$H$1820,MATCH('Peptide Map'!I23,'Mapping Summary'!$D$6:$D$1820,0)) -> 2 | J23: =INDEX('Mapping Summary'!$H$6:$H$1820,MATCH('Peptide Map'!J23,'Mapping Summary'!$D$6:$D$1820,0)) -> 0 | ... BP23: =INDEX('Mapping Summary'!$H$6:$H$1820,MATCH('Peptide Map'!BP23,'Mapping Summary'!$D$6:$D$1820,0)) -> 0 | BQ23: YPYDVPDYAG
A24: 10 | B24: G | C24: =INDEX('Mapping Summary'!$H$6:$H$1820,MATCH('Peptide Map'!C24,'Mapping Summary'!$D$6:$D$1820,0)) -> 0 | D24: =INDEX('Mapping Summary'!$H$6:$H$1820,MATCH('Peptide Map'!D24,'Mapping Summary'!$D$6:$D$1820,0)) -> 0 | E24: =INDEX('Mapping Summary'!$H$6:$H$1820,MATCH('Peptide Map'!E24,'Mapping Summary'!$D$6:$D$1820,0)) -> 0 | F24: =INDEX('Mapping Summary'!$H$6:$H$1820,MATCH('Peptide Map'!F24,'Mapping Summary'!$D$6:$D$1820,0)) -> 0 | G24: =INDEX('Mapping Summary'!$H$6:$H$1820,MATCH('Peptide Map'!G24,'Mapping Summary'!$D$6:$D$1820,0)) -> 0 | H24: =INDEX('Mapping Summary'!$H$6:$H$1820,MATCH('Peptide Map'!H24,'Mapping Summary'!$D$6:$D$1820,0)) -> 0 | I24: =INDEX('Mapping Summary'!$H$6:$H$1820,MATCH('Peptide Map'!I24,'Mapping Summary'!$D$6:$D$1820,0)) -> 2 | J24: =INDEX('Mapping Summary'!$H$6:$H$1820,MATCH('Peptide Map'!J24,'Mapping Summary'!$D$6:$D$1820,0)) -> 0 | ... BP24: =INDEX('Mapping Summary'!$H$6:$H$1820,MATCH('Peptide Map'!BP24,'Mapping Summary'!$D$6:$D$1820,0)) -> 0 | BQ24: G
A25: 11 | B25: YPYDVPDYAG | C25: =INDEX('Mapping Summary'!$H$6:$H$1820,MATCH('Peptide Map'!C25,'Mapping Summary'!$D$6:$D$1820,0)) -> 0 | D25: =INDEX('Mapping Summary'!$H$6:$H$1820,MATCH('Peptide Map'!D25,'Mapping Summary'!$D$6:$D$1820,0)) -> 0 | E25: =INDEX('Mapping Summary'!$H$6:$H$1820,MATCH('Peptide Map'!E25,'Mapping Summary'!$D$6:$D$1820,0)) -> 0 | F25: =INDEX('Mapping Summary'!$H$6:$H$1820,MATCH('Peptide Map'!F25,'Mapping Summary'!$D$6:$D$1820,0)) -> 0 | G25: =INDEX('Mapping Summary'!$H$6:$H$1820,MATCH('Peptide Map'!G25,'Mapping Summary'!$D$6:$D$1820,0)) -> 0 | H25: =INDEX('Mapping Summary'!$H$6:$H$1820,MATCH('Peptide Map'!H25,'Mapping Summary'!$D$6:$D$1820,0)) -> 0 | I25: =INDEX('Mapping Summary'!$H$6:$H$1820,MATCH('Peptide Map'!I25,'Mapping Summary'!$D$6:$D$1820,0)) -> 0 | J25: =INDEX('Mapping Summary'!$H$6:$H$1820,MATCH('Peptide Map'!J25,'Mapping Summary'!$D$6:$D$1820,0)) -> 0 | ... BP25: =INDEX('Mapping Summary'!$H$6:$H$1820,MATCH('Peptide Map'!BP25,'Mapping Summary'!$D$6:$D$1820,0)) -> 0 | BQ25: YPYDVPDYAG
A26: 12 | B26: G | C26: =INDEX('Mapping Summary'!$H$6:$H$1820,MATCH('Peptide Map'!C26,'Mapping Summary'!$D$6:$D$1820,0)) -> 0 | D26: =INDEX('Mapping Summary'!$H$6:$H$1820,MATCH('Peptide Map'!D26,'Mapping Summary'!$D$6:$D$1820,0)) -> 0 | E26: =INDEX('Mapping Summary'!$H$6:$H$1820,MATCH('Peptide Map'!E26,'Mapping Summary'!$D$6:$D$1820,0)) -> 0 | F26: =INDEX('Mapping Summary'!$H$6:$H$1820,MATCH('Peptide Map'!F26,'Mapping Summary'!$D$6:$D$1820,0)) -> 0 | G26: =INDEX('Mapping Summary'!$H$6:$H$1820,MATCH('Peptide Map'!G26,'Mapping Summary'!$D$6:$D$1820,0)) -> 0 | H26: =INDEX('Mapping Summary'!$H$6:$H$1820,MATCH('Peptide Map'!H26,'Mapping Summary'!$D$6:$D$1820,0)) -> 0 | I26: =INDEX('Mapping Summary'!$H$6:$H$1820,MATCH('Peptide Map'!I26,'Mapping Summary'!$D$6:$D$1820,0)) -> 0 | J26: =INDEX('Mapping Summary'!$H$6:$H$1820,MATCH('Peptide Map'!J26,'Mapping Summary'!$D$6:$D$1820,0)) -> 0 | ... BP26: =INDEX('Mapping Summary'!$H$6:$H$1820,MATCH('Peptide Map'!BP26,'Mapping Summary'!$D$6:$D$1820,0)) -> 0 | BQ26: G
... A32: 18 | B32: G | C32: =INDEX('Mapping Summary'!$H$6:$H$1820,MATCH('Peptide Map'!C32,'Mapping Summary'!$D$6:$D$1820,0)) -> 0 | D32: =INDEX('Mapping Summary'!$H$6:$H$1820,MATCH('Peptide Map'!D32,'Mapping Summary'!$D$6:$D$1820,0)) -> 0 | E32: =INDEX('Mapping Summary'!$H$6:$H$1820,MATCH('Peptide Map'!E32,'Mapping Summary'!$D$6:$D$1820,0)) -> 4 | F32: =INDEX('Mapping Summary'!$H$6:$H$1820,MATCH('Peptide Map'!F32,'Mapping Summary'!$D$6:$D$1820,0)) -> 0 | G32: =INDEX('Mapping Summary'!$H$6:$H$1820,MATCH('Peptide Map'!G32,'Mapping Summary'!$D$6:$D$1820,0)) -> 0 | H32: =INDEX('Mapping Summary'!$H$6:$H$1820,MATCH('Peptide Map'!H32,'Mapping Summary'!$D$6:$D$1820,0)) -> 0 | I32: =INDEX('Mapping Summary'!$H$6:$H$1820,MATCH('Peptide Map'!I32,'Mapping Summary'!$D$6:$D$1820,0)) -> 0 | J32: =INDEX('Mapping Summary'!$H$6:$H$1820,MATCH('Peptide Map'!J32,'Mapping Summary'!$D$6:$D$1820,0)) -> 0 | ... BP32: =INDEX('Mapping Summary'!$H$6:$H$1820,MATCH('Peptide Map'!BP32,'Mapping Summary'!$D$6:$D$1820,0)) -> 0 | BQ32: G
A33: 19 | B33: YPYDVPDYAG | C33: =INDEX('Mapping Summary'!$H$6:$H$1820,MATCH('Peptide Map'!C33,'Mapping Summary'!$D$6:$D$1820,0)) -> 0 | D33: =INDEX('Mapping Summary'!$H$6:$H$1820,MATCH('Peptide Map'!D33,'Mapping Summary'!$D$6:$D$1820,0)) -> 0 | E33: =INDEX('Mapping Summary'!$H$6:$H$1820,MATCH('Peptide Map'!E33,'Mapping Summary'!$D$6:$D$1820,0)) -> 0 | F33: =INDEX('Mapping Summary'!$H$6:$H$1820,MATCH('Peptide Map'!F33,'Mapping Summary'!$D$6:$D$1820,0)) -> 0 | G33: =INDEX('Mapping Summary'!$H$6:$H$1820,MATCH('Peptide Map'!G33,'Mapping Summary'!$D$6:$D$1820,0)) -> 0 | H33: =INDEX('Mapping Summary'!$H$6:$H$1820,MATCH('Peptide Map'!H33,'Mapping Summary'!$D$6:$D$1820,0)) -> 0 | I33: =INDEX('Mapping Summary'!$H$6:$H$1820,MATCH('Peptide Map'!I33,'Mapping Summary'!$D$6:$D$1820,0)) -> 0 | J33: =INDEX('Mapping Summary'!$H$6:$H$1820,MATCH('Peptide Map'!J33,'Mapping Summary'!$D$6:$D$1820,0)) -> 0 | ... P33: =INDEX('Mapping Summary'!$H$6:$H$1820,MATCH('Peptide Map'!P33,'Mapping Summary'!$D$6:$D$1820,0)) -> 0 | BQ33: YPYDVPDYAG
A34: 20 | B34: G | C34: =INDEX('Mapping Summary'!$H$6:$H$1820,MATCH('Peptide Map'!C34,'Mapping Summary'!$D$6:$D$1820,0)) -> 0 | D34: =INDEX('Mapping Summary'!$H$6:$H$1820,MATCH('Peptide Map'!D34,'Mapping Summary'!$D$6:$D$1820,0)) -> 0 | E34: =INDEX('Mapping Summary'!$H$6:$H$1820,MATCH('Peptide Map'!E34,'Mapping Summary'!$D$6:$D$1820,0)) -> 0 | F34: =INDEX('Mapping Summary'!$H$6:$H$1820,MATCH('Peptide Map'!F34,'Mapping Summary'!$D$6:$D$1820,0)) -> 0 | G34: =INDEX('Mapping Summary'!$H$6:$H$1820,MATCH('Peptide Map'!G34,'Mapping Summary'!$D$6:$D$1820,0)) -> 0 | H34: =INDEX('Mapping Summary'!$H$6:$H$1820,MATCH('Peptide Map'!H34,'Mapping Summary'!$D$6:$D$1820,0)) -> 0 | I34: =INDEX('Mapping Summary'!$H$6:$H$1820,MATCH('Peptide Map'!I34,'Mapping Summary'!$D$6:$D$1820,0)) -> 0 | J34: =INDEX('Mapping Summary'!$H$6:$H$1820,MATCH('Peptide Map'!J34,'Mapping Summary'!$D$6:$D$1820,0)) -> 0 | ... P34: =INDEX('Mapping Summary'!$H$6:$H$1820,MATCH('Peptide Map'!P34,'Mapping Summary'!$D$6:$D$1820,0)) -> 0 | BQ34: G
A35: 21 | B35: YPYDVPDYAG | C35: =INDEX('Mapping Summary'!$H$6:$H$1820,MATCH('Peptide Map'!C35,'Mapping Summary'!$D$6:$D$1820,0)) -> 0 | D35: =INDEX('Mapping Summary'!$H$6:$H$1820,MATCH('Peptide Map'!D35,'Mapping Summary'!$D$6:$D$1820,0)) -> 0 | E35: =INDEX('Mapping Summary'!$H$6:$H$1820,MATCH('Peptide Map'!E35,'Mapping Summary'!$D$6:$D$1820,0)) -> 0 | F35: =INDEX('Mapping Summary'!$H$6:$H$1820,MATCH('Peptide Map'!F35,'Mapping Summary'!$D$6:$D$1820,0)) -> 0 | G35: =INDEX('Mapping Summary'!$H$6:$H$1820,MATCH('Peptide Map'!G35,'Mapping Summary'!$D$6:$D$1820,0)) -> 0 | H35: =INDEX('Mapping Summary'!$H$6:$H$1820,MATCH('Peptide Map'!H35,'Mapping Summary'!$D$6:$D$1820,0)) -> 0 | I35: =INDEX('Mapping Summary'!$H$6:$H$1820,MATCH('Peptide Map'!I35,'Mapping Summary'!$D$6:$D$1820,0)) -> 0 | J35: =INDEX('Mapping Summary'!$H$6:$H$1820,MATCH('Peptide Map'!J35,'Mapping Summary'!$D$6:$D$1820,0)) -> 0 | ... BP35: =INDEX('Mapping Summary'!$H$6:$H$1820,MATCH('Peptide Map'!BP35,'Mapping Summary'!$D$6:$D$1820,0)) -> 0 | BQ35: YPYDVPDYAG
A36: 22 | B36: G | C36: =INDEX('Mapping Summary'!$H$6:$H$1820,MATCH('Peptide Map'!C36,'Mapping Summary'!$D$6:$D$1820,0)) -> 0 | D36: =INDEX('Mapping Summary'!$H$6:$H$1820,MATCH('Peptide Map'!D36,'Mapping Summary'!$D$6:$D$1820,0)) -> 0 | E36: =INDEX('Mapping Summary'!$H$6:$H$1820,MATCH('Peptide Map'!E36,'Mapping Summary'!$D$6:$D$1820,0)) -> 0 | F36: =INDEX('Mapping Summary'!$H$6:$H$1820,MATCH('Peptide Map'!F36,'Mapping Summary'!$D$6:$D$1820,0)) -> 0 | G36: =INDEX('Mapping Summary'!$H$6:$H$1820,MATCH('Peptide Map'!G36,'Mapping Summary'!$D$6:$D$1820,0)) -> 0 | H36: =INDEX('Mapping Summary'!$H$6:$H$1820,MATCH('Peptide Map'!H36,'Mapping Summary'!$D$6:$D$1820,0)) -> 0 | I36: =INDEX('Mapping Summary'!$H$6:$H$1820,MATCH('Peptide Map'!I36,'Mapping Summary'!$D$6:$D$1820,0)) -> 0 | J36: =INDEX('Mapping Summary'!$H$6:$H$1820,MATCH('Peptide Map'!J36,'Mapping Summary'!$D$6:$D$1820,0)) -> 0 | ... BP36: =INDEX('Mapping Summary'!$H$6:$H$1820,MATCH('Peptide Map'!BP36,'Mapping Summary'!$D$6:$D$1820,0)) -> 0 | BQ36: G
A37: 23 | B37: YPYDVPDYAG | C37: =INDEX('Mapping Summary'!$H$6:$H$1820,MATCH('Peptide Map'!C37,'Mapping Summary'!$D$6:$D$1820,0)) -> 0 | D37: =INDEX('Mapping Summary'!$H$6:$H$1820,MATCH('Peptide Map'!D37,'Mapping Summary'!$D$6:$D$1820,0)) -> 0 | E37: =INDEX('Mapping Summary'!$H$6:$H$1820,MATCH('Peptide Map'!E37,'Mapping Summary'!$D$6:$D$1820,0)) -> 0 | F37: =INDEX('Mapping Summary'!$H$6:$H$1820,MATCH('Peptide Map'!F37,'Mapping Summary'!$D$6:$D$1820,0)) -> 0 | G37: =INDEX('Mapping Summary'!$H$6:$H$1820,MATCH('Peptide Map'!G37,'Mapping Summary'!$D$6:$D$1820,0)) -> 0 | H37: =INDEX('Mapping Summary'!$H$6:$H$1820,MATCH('Peptide Map'!H37,'Mapping Summary'!$D$6:$D$1820,0)) -> 0 | I37: =INDEX('Mapping Summary'!$H$6:$H$1820,MATCH('Peptide Map'!I37,'Mapping Summary'!$D$6:$D$1820,0)) -> 0 | J37: =INDEX('Mapping Summary'!$H$6:$H$1820,MATCH('Peptide Map'!J37,'Mapping Summary'!$D$6:$D$1820,0)) -> 0 | ... BP37: =INDEX('Mapping Summary'!$H$6:$H$1820,MATCH('Peptide Map'!BP37,'Mapping Summary'!$D$6:$D$1820,0)) -> 8 | BQ37: YPYDVPDYAG
A38: 24 | B38: G | C38: =INDEX('Mapping Summary'!$H$6:$H$1820,MATCH('Peptide Map'!C38,'Mapping Summary'!$D$6:$D$1820,0)) -> 0 | D38: =INDEX('Mapping Summary'!$H$6:$H$1820,MATCH('Peptide Map'!D38,'Mapping Summary'!$D$6:$D$1820,0)) -> 0 | E38: =INDEX('Mapping Summary'!$H$6:$H$1820,MATCH('Peptide Map'!E38,'Mapping Summary'!$D$6:$D$1820,0)) -> 0 | F38: =INDEX('Mapping Summary'!$H$6:$H$1820,MATCH('Peptide Map'!F38,'Mapping Summary'!$D$6:$D$1820,0)) -> 0 | G38: =INDEX('Mapping Summary'!$H$6:$H$1820,MATCH('Peptide Map'!G38,'Mapping Summary'!$D$6:$D$1820,0)) -> 0 | H38: =INDEX('Mapping Summary'!$H$6:$H$1820,MATCH('Peptide Map'!H38,'Mapping Summary'!$D$6:$D$1820,0)) -> 0 | I38: =INDEX('Mapping Summary'!$H$6:$H$1820,MATCH('Peptide Map'!I38,'Mapping Summary'!$D$6:$D$1820,0)) -> 0 | J38: =INDEX('Mapping Summary'!$H$6:$H$1820,MATCH('Peptide Map'!J38,'Mapping Summary'!$D$6:$D$1820,0)) -> 0 | ... BP38: =INDEX('Mapping Summary'!$H$6:$H$1820,MATCH('Peptide Map'!BP38,'Mapping Summary'!$D$6:$D$1820,0)) -> 8 | BQ38: G
A39: 25 | B39: YPYDVPDYAG | C39: =INDEX('Mapping Summary'!$H$6:$H$1820,MATCH('Peptide Map'!C39,'Mapping Summary'!$D$6:$D$1820,0)) -> 0 | D39: =INDEX('Mapping Summary'!$H$6:$H$1820,MATCH('Peptide Map'!D39,'Mapping Summary'!$D$6:$D$1820,0)) -> 5 | E39: =INDEX('Mapping Summary'!$H$6:$H$1820,MATCH('Peptide Map'!E39,'Mapping Summary'!$D$6:$D$1820,0)) -> 0 | F39: =INDEX('Mapping Summary'!$H$6:$H$1820,MATCH('Peptide Map'!F39,'Mapping Summary'!$D$6:$D$1820,0)) -> 3.5 | G39: =INDEX('Mapping Summary'!$H$6:$H$1820,MATCH('Peptide Map'!G39,'Mapping Summary'!$D$6:$D$1820,0)) -> 0 | H39: =INDEX('Mapping Summary'!$H$6:$H$1820,MATCH('Peptide Map'!H39,'Mapping Summary'!$D$6:$D$1820,0)) -> 0 | I39: =INDEX('Mapping Summary'!$H$6:$H$1820,MATCH('Peptide Map'!I39,'Mapping Summary'!$D$6:$D$1820,0)) -> 0 | J39: =INDEX('Mapping Summary'!$H$6:$H$1820,MATCH('Peptide Map'!J39,'Mapping Summary'!$D$6:$D$1820,0)) -> 4 | ... BP39: =INDEX('Mapping Summary'!$H$6:$H$1820,MATCH('Peptide Map'!BP39,'Mapping Summary'!$D$6:$D$1820,0)) -> 0 | BQ39: YPYDVPDYAG
A40: 26 | B40: G | C40: =INDEX('Mapping Summary'!$H$6:$H$1820,MATCH('Peptide Map'!C40,'Mapping Summary'!$D$6:$D$1820,0)) -> 0 | D40: =INDEX('Mapping Summary'!$H$6:$H$1820,MATCH('Peptide Map'!D40,'Mapping Summary'!$D$6:$D$1820,0)) -> 5 | E40: =INDEX('Mapping Summary'!$H$6:$H$1820,MATCH('Peptide Map'!E40,'Mapping Summary'!$D$6:$D$1820,0)) -> 0 | F40: =INDEX('Mapping Summary'!$H$6:$H$1820,MATCH('Peptide Map'!F40,'Mapping Summary'!$D$6:$D$1820,0)) -> 3.5 | G40: =INDEX('Mapping Summary'!$H$6:$H$1820,MATCH('Peptide Map'!G40,'Mapping Summary'!$D$6:$D$1820,0)) -> 0 | H40: =INDEX('Mapping Summary'!$H$6:$H$1820,MATCH('Peptide Map'!H40,'Mapping Summary'!$D$6:$D$1820,0)) -> 0 | I40: =INDEX('Mapping Summary'!$H$6:$H$1820,MATCH('Peptide Map'!I40,'Mapping Summary'!$D$6:$D$1820,0)) -> 0 | J40: =INDEX('Mapping Summary'!$H$6:$H$1820,MATCH('Peptide Map'!J40,'Mapping Summary'!$D$6:$D$1820,0)) -> 4 | ... BP40: =INDEX('Mapping Summary'!$H$6:$H$1820,MATCH('Peptide Map'!BP40,'Mapping Summary'!$D$6:$D$1820,0)) -> 0 | BQ40: G
A41: 27 | B41: YPYDVPDYAG | C41: =INDEX('Mapping Summary'!$H$6:$H$1820,MATCH('Peptide Map'!C41,'Mapping Summary'!$D$6:$D$1820,0)) -> 0 | D41: =INDEX('Mapping Summary'!$H$6:$H$1820,MATCH('Peptide Map'!D41,'Mapping Summary'!$D$6:$D$1820,0)) -> 0 | E41: =INDEX('Mapping Summary'!$H$6:$H$1820,MATCH('Peptide Map'!E41,'Mapping Summary'!$D$6:$D$1820,0)) -> 0 | F41: =INDEX('Mapping Summary'!$H$6:$H$1820,MATCH('Peptide Map'!F41,'Mapping Summary'!$D$6:$D$1820,0)) -> 3 | G41: =INDEX('Mapping Summary'!$H$6:$H$1820,MATCH('Peptide Map'!G41,'Mapping Summary'!$D$6:$D$1820,0)) -> 0 | H41: =INDEX('Mapping Summary'!$H$6:$H$1820,MATCH('Peptide Map'!H41,'Mapping Summary'!$D$6:$D$1820,0)) -> 2 | I41: =INDEX('Mapping Summary'!$H$6:$H$1820,MATCH('Peptide Map'!I41,'Mapping Summary'!$D$6:$D$1820,0)) -> 0 | J41: =INDEX('Mapping Summary'!$H$6:$H$1820,MATCH('Peptide Map'!J41,'Mapping Summary'!$D$6:$D$1820,0)) -> 0 | ... BP41: =INDEX('Mapping Summary'!$H$6:$H$1820,MATCH('Peptide Map'!BP41,'Mapping Summary'!$D$6:$D$1820,0)) -> 6.5 | BQ41: YPYDVPDYAG
A42: 28 | B42: G | C42: =INDEX('Mapping Summary'!$H$6:$H$1820,MATCH('Peptide Map'!C42,'Mapping Summary'!$D$6:$D$1820,0)) -> 0 | D42: =INDEX('Mapping Summary'!$H$6:$H$1820,MATCH('Peptide Map'!D42,'Mapping Summary'!$D$6:$D$1820,0)) -> 0 | E42: =INDEX('Mapping Summary'!$H$6:$H$1820,MATCH('Peptide Map'!E42,'Mapping Summary'!$D$6:$D$1820,0)) -> 0 | F42: =INDEX('Mapping Summary'!$H$6:$H$1820,MATCH('Peptide Map'!F42,'Mapping Summary'!$D$6:$D$1820,0)) -> 3 | G42: =INDEX('Mapping Summary'!$H$6:$H$1820,MATCH('Peptide Map'!G42,'Mapping Summary'!$D$6:$D$1820,0)) -> 0 | H42: =INDEX('Mapping Summary'!$H$6:$H$1820,MATCH('Peptide Map'!H42,'Mapping Summary'!$D$6:$D$1820,0)) -> 2 | I42: =INDEX('Mapping Summary'!$H$6:$H$1820,MATCH('Peptide Map'!I42,'Mapping Summary'!$D$6:$D$1820,0)) -> 0 | J42: =INDEX('Mapping Summary'!$H$6:$H$1820,MATCH('Peptide Map'!J42,'Mapping Summary'!$D$6:$D$1820,0)) -> 0 | ... BP42: =INDEX('Mapping Summary'!$H$6:$H$1820,MATCH('Peptide Map'!BP42,'Mapping Summary'!$D$6:$D$1820,0)) -> 6.5 | BQ42: G
A43: 29 | B43: YPYDVPDYAG | C43: =INDEX('Mapping Summary'!$H$6:$H$1820,MATCH('Peptide Map'!C43,'Mapping Summary'!$D$6:$D$1820,0)) -> 0 | D43: =INDEX('Mapping Summary'!$H$6:$H$1820,MATCH('Peptide Map'!D43,'Mapping Summary'!$D$6:$D$1820,0)) -> 0 | E43: =INDEX('Mapping Summary'!$H$6:$H$1820,MATCH('Peptide Map'!E43,'Mapping Summary'!$D$6:$D$1820,0)) -> 0 | F43: =INDEX('Mapping Summary'!$H$6:$H$1820,MATCH('Peptide Map'!F43,'Mapping Summary'!$D$6:$D$1820,0)) -> 0 | G43: =INDEX('Mapping Summary'!$H$6:$H$1820,MATCH('Peptide Map'!G43,'Mapping Summary'!$D$6:$D$1820,0)) -> 0 | H43: =INDEX('Mapping Summary'!$H$6:$H$1820,MATCH('Peptide Map'!H43,'Mapping Summary'!$D$6:$D$1820,0)) -> 0 | I43: =INDEX('Mapping Summary'!$H$6:$H$1820,MATCH('Peptide Map'!I43,'Mapping Summary'!$D$6:$D$1820,0)) -> 0 | J43: =INDEX('Mapping Summary'!$H$6:$H$1820,MATCH('Peptide Map'!J43,'Mapping Summary'!$D$6:$D$1820,0)) -> 0 | ... BP43: =INDEX('Mapping Summary'!$H$6:$H$1820,MATCH('Peptide Map'!BP43,'Mapping Summary'!$D$6:$D$1820,0)) -> 0 | BQ43: YPYDVPDYAG
A44: 30 | B44: G | C44: =INDEX('Mapping Summary'!$H$6:$H$1820,MATCH('Peptide Map'!C44,'Mapping Summary'!$D$6:$D$1820,0)) -> 0 | D44: =INDEX('Mapping Summary'!$H$6:$H$1820,MATCH('Peptide Map'!D44,'Mapping Summary'!$D$6:$D$1820,0)) -> 0 | E44: =INDEX('Mapping Summary'!$H$6:$H$1820,MATCH('Peptide Map'!E44,'Mapping Summary'!$D$6:$D$1820,0)) -> 0 | F44: =INDEX('Mapping Summary'!$H$6:$H$1820,MATCH('Peptide Map'!F44,'Mapping Summary'!$D$6:$D$1820,0)) -> 0 | G44: =INDEX('Mapping Summary'!$H$6:$H$1820,MATCH('Peptide Map'!G44,'Mapping Summary'!$D$6:$D$1820,0)) -> 0 | H44: =INDEX('Mapping Summary'!$H$6:$H$1820,MATCH('Peptide Map'!H44,'Mapping Summary'!$D$6:$D$1820,0)) -> 0 | I44: =INDEX('Mapping Summary'!$H$6:$H$1820,MATCH('Peptide Map'!I44,'Mapping Summary'!$D$6:$D$1820,0)) -> 0 | J44: =INDEX('Mapping Summary'!$H$6:$H$1820,MATCH('Peptide Map'!J44,'Mapping Summary'!$D$6:$D$1820,0)) -> 0 | ... BP44: =INDEX('Mapping Summary'!$H$6:$H$1820,MATCH('Peptide Map'!BP44,'Mapping Summary'!$D$6:$D$1820,0)) -> 0 | BQ44: G
A45: 31 | B45: YPYDVPDYAG | C45: =INDEX('Mapping Summary'!$H$6:$H$1820,MATCH('Peptide Map'!C45,'Mapping Summary'!$D$6:$D$1820,0)) -> 0 | D45: =INDEX('Mapping Summary'!$H$6:$H$1820,MATCH('Peptide Map'!D45,'Mapping Summary'!$D$6:$D$1820,0)) -> 0 | E45: =INDEX('Mapping Summary'!$H$6:$H$1820,MATCH('Peptide Map'!E45,'Mapping Summary'!$D$6:$D$1820,0)) -> 0 | F45: =INDEX('Mapping Summary'!$H$6:$H$1820,MATCH('Peptide Map'!F45,'Mapping Summary'!$D$6:$D$1820,0)) -> 0 | G45: =INDEX('Mapping Summary'!$H$6:$H$1820,MATCH('Peptide Map'!G45,'Mapping Summary'!$D$6:$D$1820,0)) -> 0 | H45: =INDEX('Mapping Summary'!$H$6:$H$1820,MATCH('Peptide Map'!H45,'Mapping Summary'!$D$6:$D$1820,0)) -> 0 | I45: =INDEX('Mapping Summary'!$H$6:$H$1820,MATCH('Peptide Map'!I45,'Mapping Summary'!$D$6:$D$1820,0)) -> 0 | J45: =INDEX('Mapping Summary'!$H$6:$H$1820,MATCH('Peptide Map'!J45,'Mapping Summary'!$D$6:$D$1820,0)) -> 0 | ... BP45: =INDEX('Mapping Summary'!$H$6:$H$1820,MATCH('Peptide Map'!BP45,'Mapping Summary'!$D$6:$D$1820,0)) -> 18 | BQ45: YPYDVPDYAG
A46: 32 | B46: G | C46: =INDEX('Mapping Summary'!$H$6:$H$1820,MATCH('Peptide Map'!C46,'Mapping Summary'!$D$6:$D$1820,0)) -> 0 | D46: =INDEX('Mapping Summary'!$H$6:$H$1820,MATCH('Peptide Map'!D46,'Mapping Summary'!$D$6:$D$1820,0)) -> 0 | E46: =INDEX('Mapping Summary'!$H$6:$H$1820,MATCH('Peptide Map'!E46,'Mapping Summary'!$D$6:$D$1820,0)) -> 0 | F46: =INDEX('Mapping Summary'!$H$6:$H$1820,MATCH('Peptide Map'!F46,'Mapping Summary'!$D$6:$D$1820,0)) -> 0 | G46: =INDEX('Mapping Summary'!$H$6:$H$1820,MATCH('Peptide Map'!G46,'Mapping Summary'!$D$6:$D$1820,0)) -> 0 | H46: =INDEX('Mapping Summary'!$H$6:$H$1820,MATCH('Peptide Map'!H46,'Mapping Summary'!$D$6:$D$1820,0)) -> 0 | I46: =INDEX('Mapping Summary'!$H$6:$H$1820,MATCH('Peptide Map'!I46,'Mapping Summary'!$D$6:$D$1820,0)) -> 0 | J46: =INDEX('Mapping Summary'!$H$6:$H$1820,MATCH('Peptide Map'!J46,'Mapping Summary'!$D$6:$D$1820,0)) -> 0 | ... BP46: =INDEX('Mapping Summary'!$H$6:$H$1820,MATCH('Peptide Map'!BP46,'Mapping Summary'!$D$6:$D$1820,0)) -> 18 | BQ46: G
... A52: 38 | B52: G | C52: =INDEX('Mapping Summary'!$H$6:$H$1820,MATCH('Peptide Map'!C52,'Mapping Summary'!$D$6:$D$1820,0)) -> 4 | D52: =INDEX('Mapping Summary'!$H$6:$H$1820,MATCH('Peptide Map'!D52,'Mapping Summary'!$D$6:$D$1820,0)) -> 0 | E52: =INDEX('Mapping Summary'!$H$6:$H$1820,MATCH('Peptide Map'!E52,'Mapping Summary'!$D$6:$D$1820,0)) -> 0 | F52: =INDEX('Mapping Summary'!$H$6:$H$1820,MATCH('Peptide Map'!F52,'Mapping Summary'!$D$6:$D$1820,0)) -> 0 | G52: =INDEX('Mapping Summary'!$H$6:$H$1820,MATCH('Peptide Map'!G52,'Mapping Summary'!$D$6:$D$1820,0)) -> 0 | H52: =INDEX('Mapping Summary'!$H$6:$H$1820,MATCH('Peptide Map'!H52,'Mapping Summary'!$D$6:$D$1820,0)) -> 0 | I52: =INDEX('Mapping Summary'!$H$6:$H$1820,MATCH('Peptide Map'!I52,'Mapping Summary'!$D$6:$D$1820,0)) -> 0 | J52: =INDEX('Mapping Summary'!$H$6:$H$1820,MATCH('Peptide Map'!J52,'Mapping Summary'!$D$6:$D$1820,0)) -> 0 | ... BP52: =INDEX('Mapping Summary'!$H$6:$H$1820,MATCH('Peptide Map'!BP52,'Mapping Summary'!$D$6:$D$1820,0)) -> 0 | BQ52: G
A53: 39 | B53: YPYDVPDYAG | C53: =INDEX('Mapping Summary'!$H$6:$H$1820,MATCH('Peptide Map'!C53,'Mapping Summary'!$D$6:$D$1820,0)) -> 2 | D53: =INDEX('Mapping Summary'!$H$6:$H$1820,MATCH('Peptide Map'!D53,'Mapping Summary'!$D$6:$D$1820,0)) -> 0 | E53: =INDEX('Mapping Summary'!$H$6:$H$1820,MATCH('Peptide Map'!E53,'Mapping Summary'!$D$6:$D$1820,0)) -> 0 | F53: =INDEX('Mapping Summary'!$H$6:$H$1820,MATCH('Peptide Map'!F53,'Mapping Summary'!$D$6:$D$1820,0)) -> 0 | G53: =INDEX('Mapping Summary'!$H$6:$H$1820,MATCH('Peptide Map'!G53,'Mapping Summary'!$D$6:$D$1820,0)) -> 0 | H53: =INDEX('Mapping Summary'!$H$6:$H$1820,MATCH('Peptide Map'!H53,'Mapping Summary'!$D$6:$D$1820,0)) -> 0 | I53: =INDEX('Mapping Summary'!$H$6:$H$1820,MATCH('Peptide Map'!I53,'Mapping Summary'!$D$6:$D$1820,0)) -> 0 | J53: =INDEX('Mapping Summary'!$H$6:$H$1820,MATCH('Peptide Map'!J53,'Mapping Summary'!$D$6:$D$1820,0)) -> 0 | ... M53: =INDEX('Mapping Summary'!$H$6:$H$1820,MATCH('Peptide Map'!M53,'Mapping Summary'!$D$6:$D$1820,0)) -> 0 | BQ53: YPYDVPDYAG
A54: 40 | B54: G | C54: =INDEX('Mapping Summary'!$H$6:$H$1820,MATCH('Peptide Map'!C54,'Mapping Summary'!$D$6:$D$1820,0)) -> 2 | D54: =INDEX('Mapping Summary'!$H$6:$H$1820,MATCH('Peptide Map'!D54,'Mapping Summary'!$D$6:$D$1820,0)) -> 0 | E54: =INDEX('Mapping Summary'!$H$6:$H$1820,MATCH('Peptide Map'!E54,'Mapping Summary'!$D$6:$D$1820,0)) -> 0 | F54: =INDEX('Mapping Summary'!$H$6:$H$1820,MATCH('Peptide Map'!F54,'Mapping Summary'!$D$6:$D$1820,0)) -> 0 | G54: =INDEX('Mapping Summary'!$H$6:$H$1820,MATCH('Peptide Map'!G54,'Mapping Summary'!$D$6:$D$1820,0)) -> 0 | H54: =INDEX('Mapping Summary'!$H$6:$H$1820,MATCH('Peptide Map'!H54,'Mapping Summary'!$D$6:$D$1820,0)) -> 0 | I54: =INDEX('Mapping Summary'!$H$6:$H$1820,MATCH('Peptide Map'!I54,'Mapping Summary'!$D$6:$D$1820,0)) -> 0 | J54: =INDEX('Mapping Summary'!$H$6:$H$1820,MATCH('Peptide Map'!J54,'Mapping Summary'!$D$6:$D$1820,0)) -> 0 | ... M54: =INDEX('Mapping Summary'!$H$6:$H$1820,MATCH('Peptide Map'!M54,'Mapping Summary'!$D$6:$D$1820,0)) -> 0 | BQ54: G
A55: 41 | B55: YPYDVPDYAG | C55: =INDEX('Mapping Summary'!$H$6:$H$1820,MATCH('Peptide Map'!C55,'Mapping Summary'!$D$6:$D$1820,0)) -> 0 | D55: =INDEX('Mapping Summary'!$H$6:$H$1820,MATCH('Peptide Map'!D55,'Mapping Summary'!$D$6:$D$1820,0)) -> 0 | E55: =INDEX('Mapping Summary'!$H$6:$H$1820,MATCH('Peptide Map'!E55,'Mapping Summary'!$D$6:$D$1820,0)) -> 0 | F55: =INDEX('Mapping Summary'!$H$6:$H$1820,MATCH('Peptide Map'!F55,'Mapping Summary'!$D$6:$D$1820,0)) -> 0 | G55: =INDEX('Mapping Summary'!$H$6:$H$1820,MATCH('Peptide Map'!G55,'Mapping Summary'!$D$6:$D$1820,0)) -> 0 | H55: =INDEX('Mapping Summary'!$H$6:$H$1820,MATCH('Peptide Map'!H55,'Mapping Summary'!$D$6:$D$1820,0)) -> 0 | I55: =INDEX('Mapping Summary'!$H$6:$H$1820,MATCH('Peptide Map'!I55,'Mapping Summary'!$D$6:$D$1820,0)) -> 0 | J55: =INDEX('Mapping Summary'!$H$6:$H$1820,MATCH('Peptide Map'!J55,'Mapping Summary'!$D$6:$D$1820,0)) -> 0 | ... BP55: =INDEX('Mapping Summary'!$H$6:$H$1820,MATCH('Peptide Map'!BP55,'Mapping Summary'!$D$6:$D$1820,0)) -> 13.5 | BQ55: YPYDVPDYAG
A56: 42 | B56: G | C56: =INDEX('Mapping Summary'!$H$6:$H$1820,MATCH('Peptide Map'!C56,'Mapping Summary'!$D$6:$D$1820,0)) -> 0 | D56: =INDEX('Mapping Summary'!$H$6:$H$1820,MATCH('Peptide Map'!D56,'Mapping Summary'!$D$6:$D$1820,0)) -> 0 | E56: =INDEX('Mapping Summary'!$H$6:$H$1820,MATCH('Peptide Map'!E56,'Mapping Summary'!$D$6:$D$1820,0)) -> 0 | F56: =INDEX('Mapping Summary'!$H$6:$H$1820,MATCH('Peptide Map'!F56,'Mapping Summary'!$D$6:$D$1820,0)) -> 0 | G56: =INDEX('Mapping Summary'!$H$6:$H$1820,MATCH('Peptide Map'!G56,'Mapping Summary'!$D$6:$D$1820,0)) -> 0 | H56: =INDEX('Mapping Summary'!$H$6:$H$1820,MATCH('Peptide Map'!H56,'Mapping Summary'!$D$6:$D$1820,0)) -> 0 | I56: =INDEX('Mapping Summary'!$H$6:$H$1820,MATCH('Peptide Map'!I56,'Mapping Summary'!$D$6:$D$1820,0)) -> 0 | J56: =INDEX('Mapping Summary'!$H$6:$H$1820,MATCH('Peptide Map'!J56,'Mapping Summary'!$D$6:$D$1820,0)) -> 0 | ... BP56: =INDEX('Mapping Summary'!$H$6:$H$1820,MATCH('Peptide Map'!BP56,'Mapping Summary'!$D$6:$D$1820,0)) -> 13.5 | BQ56: G
A57: 43 | B57: YPYDVPDYAG | C57: =INDEX('Mapping Summary'!$H$6:$H$1820,MATCH('Peptide Map'!C57,'Mapping Summary'!$D$6:$D$1820,0)) -> 0 | D57: =INDEX('Mapping Summary'!$H$6:$H$1820,MATCH('Peptide Map'!D57,'Mapping Summary'!$D$6:$D$1820,0)) -> 0 | E57: =INDEX('Mapping Summary'!$H$6:$H$1820,MATCH('Peptide Map'!E57,'Mapping Summary'!$D$6:$D$1820,0)) -> 0 | F57: =INDEX('Mapping Summary'!$H$6:$H$1820,MATCH('Peptide Map'!F57,'Mapping Summary'!$D$6:$D$1820,0)) -> 0 | G57: =INDEX('Mapping Summary'!$H$6:$H$1820,MATCH('Peptide Map'!G57,'Mapping Summary'!$D$6:$D$1820,0)) -> 0 | H57: =INDEX('Mapping Summary'!$H$6:$H$1820,MATCH('Peptide Map'!H57,'Mapping Summary'!$D$6:$D$1820,0)) -> 0 | I57: =INDEX('Mapping Summary'!$H$6:$H$1820,MATCH('Peptide Map'!I57,'Mapping Summary'!$D$6:$D$1820,0)) -> 0 | J57: =INDEX('Mapping Summary'!$H$6:$H$1820,MATCH('Peptide Map'!J57,'Mapping Summary'!$D$6:$D$1820,0)) -> 0 | ... BP57: =INDEX('Mapping Summary'!$H$6:$H$1820,MATCH('Peptide Map'!BP57,'Mapping Summary'!$D$6:$D$1820,0)) -> 0 | BQ57: YPYDVPDYAG
A58: 44 | B58: G | C58: =INDEX('Mapping Summary'!$H$6:$H$1820,MATCH('Peptide Map'!C58,'Mapping Summary'!$D$6:$D$1820,0)) -> 0 | D58: =INDEX('Mapping Summary'!$H$6:$H$1820,MATCH('Peptide Map'!D58,'Mapping Summary'!$D$6:$D$1820,0)) -> 0 | E58: =INDEX('Mapping Summary'!$H$6:$H$1820,MATCH('Peptide Map'!E58,'Mapping Summary'!$D$6:$D$1820,0)) -> 0 | F58: =INDEX('Mapping Summary'!$H$6:$H$1820,MATCH('Peptide Map'!F58,'Mapping Summary'!$D$6:$D$1820,0)) -> 0 | G58: =INDEX('Mapping Summary'!$H$6:$H$1820,MATCH('Peptide Map'!G58,'Mapping Summary'!$D$6:$D$1820,0)) -> 0 | H58: =INDEX('Mapping Summary'!$H$6:$H$1820,MATCH('Peptide Map'!H58,'Mapping Summary'!$D$6:$D$1820,0)) -> 0 | I58: =INDEX('Mapping Summary'!$H$6:$H$1820,MATCH('Peptide Map'!I58,'Mapping Summary'!$D$6:$D$1820,0)) -> 0 | J58: =INDEX('Mapping Summary'!$H$6:$H$1820,MATCH('Peptide Map'!J58,'Mapping Summary'!$D$6:$D$1820,0)) -> 0 | ... BP58: =INDEX('Mapping Summary'!$H$6:$H$1820,MATCH('Peptide Map'!BP58,'Mapping Summary'!$D$6:$D$1820,0)) -> 0 | BQ58: G
A59: 45 | B59: YPYDVPDYAG | C59: =INDEX('Mapping Summary'!$H$6:$H$1820,MATCH('Peptide Map'!C59,'Mapping Summary'!$D$6:$D$1820,0)) -> 3 | D59: =INDEX('Mapping Summary'!$H$6:$H$1820,MATCH('Peptide Map'!D59,'Mapping Summary'!$D$6:$D$1820,0)) -> 0 | E59: =INDEX('Mapping Summary'!$H$6:$H$1820,MATCH('Peptide Map'!E59,'Mapping Summary'!$D$6:$D$1820,0)) -> 8.5 | F59: =INDEX('Mapping Summary'!$H$6:$H$1820,MATCH('Peptide Map'!F59,'Mapping Summary'!$D$6:$D$1820,0)) -> 0 | G59: =INDEX('Mapping Summary'!$H$6:$H$1820,MATCH('Peptide Map'!G59,'Mapping Summary'!$D$6:$D$1820,0)) -> 0 | H59: =INDEX('Mapping Summary'!$H$6:$H$1820,MATCH('Peptide Map'!H59,'Mapping Summary'!$D$6:$D$1820,0)) -> 0 | I59: =INDEX('Mapping Summary'!$H$6:$H$1820,MATCH('Peptide Map'!I59,'Mapping Summary'!$D$6:$D$1820,0)) -> 0 | J59: =INDEX('Mapping Summary'!$H$6:$H$1820,MATCH('Peptide Map'!J59,'Mapping Summary'!$D$6:$D$1820,0)) -> 0 | ... BP59: =INDEX('Mapping Summary'!$H$6:$H$1820,MATCH('Peptide Map'!BP59,'Mapping Summary'!$D$6:$D$1820,0)) -> 0 | BQ59: YPYDVPDYAG
A60: 46 | B60: G | C60: =INDEX('Mapping Summary'!$H$6:$H$1820,MATCH('Peptide Map'!C60,'Mapping Summary'!$D$6:$D$1820,0)) -> 3 | D60: =INDEX('Mapping Summary'!$H$6:$H$1820,MATCH('Peptide Map'!D60,'Mapping Summary'!$D$6:$D$1820,0)) -> 0 | E60: =INDEX('Mapping Summary'!$H$6:$H$1820,MATCH('Peptide Map'!E60,'Mapping Summary'!$D$6:$D$1820,0)) -> 8.5 | F60: =INDEX('Mapping Summary'!$H$6:$H$1820,MATCH('Peptide Map'!F60,'Mapping Summary'!$D$6:$D$1820,0)) -> 0 | G60: =INDEX('Mapping Summary'!$H$6:$H$1820,MATCH('Peptide Map'!G60,'Mapping Summary'!$D$6:$D$1820,0)) -> 0 | H60: =INDEX('Mapping Summary'!$H$6:$H$1820,MATCH('Peptide Map'!H60,'Mapping Summary'!$D$6:$D$1820,0)) -> 0 | I60: =INDEX('Mapping Summary'!$H$6:$H$1820,MATCH('Peptide Map'!I60,'Mapping Summary'!$D$6:$D$1820,0)) -> 0 | J60: =INDEX('Mapping Summary'!$H$6:$H$1820,MATCH('Peptide Map'!J60,'Mapping Summary'!$D$6:$D$1820,0)) -> 0 | ... BP60: =INDEX('Mapping Summary'!$H$6:$H$1820,MATCH('Peptide Map'!BP60,'Mapping Summary'!$D$6:$D$1820,0)) -> 0 | BQ60: G
A61: 47 | B61: YPYDVPDYAG | C61: =INDEX('Mapping Summary'!$H$6:$H$1820,MATCH('Peptide Map'!C61,'Mapping Summary'!$D$6:$D$1820,0)) -> 0 | D61: =INDEX('Mapping Summary'!$H$6:$H$1820,MATCH('Peptide Map'!D61,'Mapping Summary'!$D$6:$D$1820,0)) -> 0 | E61: =INDEX('Mapping Summary'!$H$6:$H$1820,MATCH('Peptide Map'!E61,'Mapping Summary'!$D$6:$D$1820,0)) -> 5.5 | F61: =INDEX('Mapping Summary'!$H$6:$H$1820,MATCH('Peptide Map'!F61,'Mapping Summary'!$D$6:$D$1820,0)) -> 0 | G61: =INDEX('Mapping Summary'!$H$6:$H$1820,MATCH('Peptide Map'!G61,'Mapping Summary'!$D$6:$D$1820,0)) -> 0 | H61: =INDEX('Mapping Summary'!$H$6:$H$1820,MATCH('Peptide Map'!H61,'Mapping Summary'!$D$6:$D$1820,0)) -> 0 | I61: =INDEX('Mapping Summary'!$H$6:$H$1820,MATCH('Peptide Map'!I61,'Mapping Summary'!$D$6:$D$1820,0)) -> 0 | J61: =INDEX('Mapping Summary'!$H$6:$H$1820,MATCH('Peptide Map'!J61,'Mapping Summary'!$D$6:$D$1820,0)) -> 0 | ... BP61: =INDEX('Mapping Summary'!$H$6:$H$1820,MATCH('Peptide Map'!BP61,'Mapping Summary'!$D$6:$D$1820,0)) -> 0 | BQ61: YPYDVPDYAG
A62: 48 | B62: G | C62: =INDEX('Mapping Summary'!$H$6:$H$1820,MATCH('Peptide Map'!C62,'Mapping Summary'!$D$6:$D$1820,0)) -> 0 | D62: =INDEX('Mapping Summary'!$H$6:$H$1820,MATCH('Peptide Map'!D62,'Mapping Summary'!$D$6:$D$1820,0)) -> 0 | E62: =INDEX('Mapping Summary'!$H$6:$H$1820,MATCH('Peptide Map'!E62,'Mapping Summary'!$D$6:$D$1820,0)) -> 5.5 | F62: =INDEX('Mapping Summary'!$H$6:$H$1820,MATCH('Peptide Map'!F62,'Mapping Summary'!$D$6:$D$1820,0)) -> 0 | G62: =INDEX('Mapping Summary'!$H$6:$H$1820,MATCH('Peptide Map'!G62,'Mapping Summary'!$D$6:$D$1820,0)) -> 0 | H62: =INDEX('Mapping Summary'!$H$6:$H$1820,MATCH('Peptide Map'!H62,'Mapping Summary'!$D$6:$D$1820,0)) -> 0 | I62: =INDEX('Mapping Summary'!$H$6:$H$1820,MATCH('Peptide Map'!I62,'Mapping Summary'!$D$6:$D$1820,0)) -> 0 | J62: =INDEX('Mapping Summary'!$H$6:$H$1820,MATCH('Peptide Map'!J62,'Mapping Summary'!$D$6:$D$1820,0)) -> 0 | ... BP62: =INDEX('Mapping Summary'!$H$6:$H$1820,MATCH('Peptide Map'!BP62,'Mapping Summary'!$D$6:$D$1820,0)) -> 0 | BQ62: G
A63: 49 | B63: YPYDVPDYAG | C63: =INDEX('Mapping Summary'!$H$6:$H$1820,MATCH('Peptide Map'!C63,'Mapping Summary'!$D$6:$D$1820,0)) -> 0 | D63: =INDEX('Mapping Summary'!$H$6:$H$1820,MATCH('Peptide Map'!D63,'Mapping Summary'!$D$6:$D$1820,0)) -> 0 | E63: =INDEX('Mapping Summary'!$H$6:$H$1820,MATCH('Peptide Map'!E63,'Mapping Summary'!$D$6:$D$1820,0)) -> 0 | F63: =INDEX('Mapping Summary'!$H$6:$H$1820,MATCH('Peptide Map'!F63,'Mapping Summary'!$D$6:$D$1820,0)) -> 0 | G63: =INDEX('Mapping Summary'!$H$6:$H$1820,MATCH('Peptide Map'!G63,'Mapping Summary'!$D$6:$D$1820,0)) -> 0 | H63: =INDEX('Mapping Summary'!$H$6:$H$1820,MATCH('Peptide Map'!H63,'Mapping Summary'!$D$6:$D$1820,0)) -> 0 | I63: =INDEX('Mapping Summary'!$H$6:$H$1820,MATCH('Peptide Map'!I63,'Mapping Summary'!$D$6:$D$1820,0)) -> 0 | J63: =INDEX('Mapping Summary'!$H$6:$H$1820,MATCH('Peptide Map'!J63,'Mapping Summary'!$D$6:$D$1820,0)) -> 0 | ... BP63: =INDEX('Mapping Summary'!$H$6:$H$1820,MATCH('Peptide Map'!BP63,'Mapping Summary'!$D$6:$D$1820,0)) -> 0 | BQ63: YPYDVPDYAG
A64: 50 | B64: G | C64: =INDEX('Mapping Summary'!$H$6:$H$1820,MATCH('Peptide Map'!C64,'Mapping Summary'!$D$6:$D$1820,0)) -> 0 | D64: =INDEX('Mapping Summary'!$H$6:$H$1820,MATCH('Peptide Map'!D64,'Mapping Summary'!$D$6:$D$1820,0)) -> 0 | E64: =INDEX('Mapping Summary'!$H$6:$H$1820,MATCH('Peptide Map'!E64,'Mapping Summary'!$D$6:$D$1820,0)) -> 0 | F64: =INDEX('Mapping Summary'!$H$6:$H$1820,MATCH('Peptide Map'!F64,'Mapping Summary'!$D$6:$D$1820,0)) -> 0 | G64: =INDEX('Mapping Summary'!$H$6:$H$1820,MATCH('Peptide Map'!G64,'Mapping Summary'!$D$6:$D$1820,0)) -> 0 | H64: =INDEX('Mapping Summary'!$H$6:$H$1820,MATCH('Peptide Map'!H64,'Mapping Summary'!$D$6:$D$1820,0)) -> 0 | I64: =INDEX('Mapping Summary'!$H$6:$H$1820,MATCH('Peptide Map'!I64,'Mapping Summary'!$D$6:$D$1820,0)) -> 0 | J64: =INDEX('Mapping Summary'!$H$6:$H$1820,MATCH('Peptide Map'!J64,'Mapping Summary'!$D$6:$D$1820,0)) -> 0 | ... BP64: =INDEX('Mapping Summary'!$H$6:$H$1820,MATCH('Peptide Map'!BP64,'Mapping Summary'!$D$6:$D$1820,0)) -> 0 | BQ64: G
A65: 51 | B65: YPYDVPDYAG | C65: =INDEX('Mapping Summary'!$H$6:$H$1820,MATCH('Peptide Map'!C65,'Mapping Summary'!$D$6:$D$1820,0)) -> 0 | D65: =INDEX('Mapping Summary'!$H$6:$H$1820,MATCH('Peptide Map'!D65,'Mapping Summary'!$D$6:$D$1820,0)) -> 0 | E65: =INDEX('Mapping Summary'!$H$6:$H$1820,MATCH('Peptide Map'!E65,'Mapping Summary'!$D$6:$D$1820,0)) -> 0 | F65: =INDEX('Mapping Summary'!$H$6:$H$1820,MATCH('Peptide Map'!F65,'Mapping Summary'!$D$6:$D$1820,0)) -> 0 | G65: =INDEX('Mapping Summary'!$H$6:$H$1820,MATCH('Peptide Map'!G65,'Mapping Summary'!$D$6:$D$1820,0)) -> 0 | H65: =INDEX('Mapping Summary'!$H$6:$H$1820,MATCH('Peptide Map'!H65,'Mapping Summary'!$D$6:$D$1820,0)) -> 0 | I65: =INDEX('Mapping Summary'!$H$6:$H$1820,MATCH('Peptide Map'!I65,'Mapping Summary'!$D$6:$D$1820,0)) -> 0 | J65: =INDEX('Mapping Summary'!$H$6:$H$1820,MATCH('Peptide Map'!J65,'Mapping Summary'!$D$6:$D$1820,0)) -> 0 | ... BP65: =INDEX('Mapping Summary'!$H$6:$H$1820,MATCH('Peptide Map'!BP65,'Mapping Summary'!$D$6:$D$1820,0)) -> 6.5 | BQ65: YPYDVPDYAG
A66: 52 | B66: G | C66: =INDEX('Mapping Summary'!$H$6:$H$1820,MATCH('Peptide Map'!C66,'Mapping Summary'!$D$6:$D$1820,0)) -> 0 | D66: =INDEX('Mapping Summary'!$H$6:$H$1820,MATCH('Peptide Map'!D66,'Mapping Summary'!$D$6:$D$1820,0)) -> 0 | E66: =INDEX('Mapping Summary'!$H$6:$H$1820,MATCH('Peptide Map'!E66,'Mapping Summary'!$D$6:$D$1820,0)) -> 0 | F66: =INDEX('Mapping Summary'!$H$6:$H$1820,MATCH('Peptide Map'!F66,'Mapping Summary'!$D$6:$D$1820,0)) -> 0 | G66: =INDEX('Mapping Summary'!$H$6:$H$1820,MATCH('Peptide Map'!G66,'Mapping Summary'!$D$6:$D$1820,0)) -> 0 | H66: =INDEX('Mapping Summary'!$H$6:$H$1820,MATCH('Peptide Map'!H66,'Mapping Summary'!$D$6:$D$1820,0)) -> 0 | I66: =INDEX('Mapping Summary'!$H$6:$H$1820,MATCH('Peptide Map'!I66,'Mapping Summary'!$D$6:$D$1820,0)) -> 0 | J66: =INDEX('Mapping Summary'!$H$6:$H$1820,MATCH('Peptide Map'!J66,'Mapping Summary'!$D$6:$D$1820,0)) -> 0 | ... BP66: =INDEX('Mapping Summary'!$H$6:$H$1820,MATCH('Peptide Map'!BP66,'Mapping Summary'!$D$6:$D$1820,0)) -> 6.5 | BQ66: G
... A72: 58 | B72: G | C72: =INDEX('Mapping Summary'!$H$6:$H$1820,MATCH('Peptide Map'!C72,'Mapping Summary'!$D$6:$D$1820,0)) -> 0 | D72: =INDEX('Mapping Summary'!$H$6:$H$1820,MATCH('Peptide Map'!D72,'Mapping Summary'!$D$6:$D$1820,0)) -> 0 | E72: =INDEX('Mapping Summary'!$H$6:$H$1820,MATCH('Peptide Map'!E72,'Mapping Summary'!$D$6:$D$1820,0)) -> 0 | F72: =INDEX('Mapping Summary'!$H$6:$H$1820,MATCH('Peptide Map'!F72,'Mapping Summary'!$D$6:$D$1820,0)) -> 0 | G72: =INDEX('Mapping Summary'!$H$6:$H$1820,MATCH('Peptide Map'!G72,'Mapping Summary'!$D$6:$D$1820,0)) -> 0 | H72: =INDEX('Mapping Summary'!$H$6:$H$1820,MATCH('Peptide Map'!H72,'Mapping Summary'!$D$6:$D$1820,0)) -> 0 | I72: =INDEX('Mapping Summary'!$H$6:$H$1820,MATCH('Peptide Map'!I72,'Mapping Summary'!$D$6:$D$1820,0)) -> 0 | J72: =INDEX('Mapping Summary'!$H$6:$H$1820,MATCH('Peptide Map'!J72,'Mapping Summary'!$D$6:$D$1820,0)) -> 0 | ... BP72: =INDEX('Mapping Summary'!$H$6:$H$1820,MATCH('Peptide Map'!BP72,'Mapping Summary'!$D$6:$D$1820,0)) -> 0 | BQ72: G
A73: 59 | B73: YPYDVPDYAG | C73: =INDEX('Mapping Summary'!$H$6:$H$1820,MATCH('Peptide Map'!C73,'Mapping Summary'!$D$6:$D$1820,0)) -> 8.5 | D73: =INDEX('Mapping Summary'!$H$6:$H$1820,MATCH('Peptide Map'!D73,'Mapping Summary'!$D$6:$D$1820,0)) -> 0 | E73: =INDEX('Mapping Summary'!$H$6:$H$1820,MATCH('Peptide Map'!E73,'Mapping Summary'!$D$6:$D$1820,0)) -> 0 | F73: =INDEX('Mapping Summary'!$H$6:$H$1820,MATCH('Peptide Map'!F73,'Mapping Summary'!$D$6:$D$1820,0)) -> 0 | G73: =INDEX('Mapping Summary'!$H$6:$H$1820,MATCH('Peptide Map'!G73,'Mapping Summary'!$D$6:$D$1820,0)) -> 0 | H73: =INDEX('Mapping Summary'!$H$6:$H$1820,MATCH('Peptide Map'!H73,'Mapping Summary'!$D$6:$D$1820,0)) -> 0 | I73: =INDEX('Mapping Summary'!$H$6:$H$1820,MATCH('Peptide Map'!I73,'Mapping Summary'!$D$6:$D$1820,0)) -> 0 | J73: =INDEX('Mapping Summary'!$H$6:$H$1820,MATCH('Peptide Map'!J73,'Mapping Summary'!$D$6:$D$1820,0)) -> 0 | BQ73: YPYDVPDYAG
A74: 60 | B74: G | C74: =INDEX('Mapping Summary'!$H$6:$H$1820,MATCH('Peptide Map'!C74,'Mapping Summary'!$D$6:$D$1820,0)) -> 8.5 | D74: =INDEX('Mapping Summary'!$H$6:$H$1820,MATCH('Peptide Map'!D74,'Mapping Summary'!$D$6:$D$1820,0)) -> 0 | E74: =INDEX('Mapping Summary'!$H$6:$H$1820,MATCH('Peptide Map'!E74,'Mapping Summary'!$D$6:$D$1820,0)) -> 0 | F74: =INDEX('Mapping Summary'!$H$6:$H$1820,MATCH('Peptide Map'!F74,'Mapping Summary'!$D$6:$D$1820,0)) -> 0 | G74: =INDEX('Mapping Summary'!$H$6:$H$1820,MATCH('Peptide Map'!G74,'Mapping Summary'!$D$6:$D$1820,0)) -> 0 | H74: =INDEX('Mapping Summary'!$H$6:$H$1820,MATCH('Peptide Map'!H74,'Mapping Summary'!$D$6:$D$1820,0)) -> 0 | I74: =INDEX('Mapping Summary'!$H$6:$H$1820,MATCH('Peptide Map'!I74,'Mapping Summary'!$D$6:$D$1820,0)) -> 0 | J74: =INDEX('Mapping Summary'!$H$6:$H$1820,MATCH('Peptide Map'!J74,'Mapping Summary'!$D$6:$D$1820,0)) -> 0 | BQ74: G
B75: YPYDVPDYAG | C75: G | D75: YPYDVPDYAG | E75: G | F75: YPYDVPDYAG | G75: G | H75: YPYDVPDYAG | I75: G | J75: YPYDVPDYAG | K75: G | L75: YPYDVPDYAG | M75: G | N75: YPYDVPDYAG | O75: G | P75: YPYDVPDYAG | Q75: G | R75: YPYDVPDYAG | S75: G | T75: YPYDVPDYAG | U75: G | V75: YPYDVPDYAG | W75: G | X75: YPYDVPDYAG | Y75: G | Z75: YPYDVPDYAG | AA75: G | AB75: YPYDVPDYAG | AC75: G | AD75: YPYDVPDYAG | AE75: G | AF75: YPYDVPDYAG | AG75: G | AH75: YPYDVPDYAG | AI75: G | AJ75: YPYDVPDYAG | AK75: G | AL75: YPYDVPDYAG | AM75: G | AN75: YPYDVPDYAG | AO75: G | AP75: YPYDVPDYAG | AQ75: G | AR75: YPYDVPDYAG | AS75: G | AT75: YPYDVPDYAG | AU75: G | AV75: YPYDVPDYAG | AW75: G | AX75: YPYDVPDYAG | AY75: G | AZ75: YPYDVPDYAG | BA75: G | BB75: YPYDVPDYAG | BC75: G | BD75: YPYDVPDYAG | BE75: G | BF75: YPYDVPDYAG | BG75: G | BH75: YPYDVPDYAG | BI75: G | BJ75: YPYDVPDYAG | BK75: G | BL75: YPYDVPDYAG | BM75: G | BN75: YPYDVPDYAG | BO75: G | BP75: YPYDVPDYAG | BQ75: G
A78: Mouse antibody 13G1, 10 µg/ml | C78: 1 | D78: 2 | E78: 3 | F78: 4 | G78: 5 | H78: 6 | I78: 7 | J78: 8 | K78: 9 | L78: 10 | M78: 11 | N78: 12 | O78: 13 | P78: 14 | Q78: 15 | R78: 16 | S78: 17 | T78: 18 | U78: 19 | V78: 20 | W78: 21 | X78: 22 | Y78: 23 | Z78: 24 | AA78: 25 | AB78: 26 | AC78: 27 | AD78: 28 | AE78: 29 | AF78: 30 | AG78: 31 | AH78: 32 | AI78: 33 | AJ78: 34 | AK78: 35 | AL78: 36 | AM78: 37 | AN78: 38 | AO78: 39 | AP78: 40 | AQ78: 41 | AR78: 42 | AS78: 43 | AT78: 44 | AU78: 45 | AV78: 46 | AW78: 47 | AX78: 48 | AY78: 49 | AZ78: 50 | BA78: 51 | BB78: 52 | BC78: 53 | BD78: 54 | BE78: 55 | BF78: 56 | BG78: 57 | BH78: 58 | BI78: 59 | BJ78: 60 | BK78: 61 | BL78: 62 | BM78: 63 | BN78: 64 | BO78: 65 | BP78: 66
B79: YPYDVPDYAG | C79: G | D79: YPYDVPDYAG | E79: G | F79: YPYDVPDYAG | G79: G | H79: YPYDVPDYAG | I79: G | J79: YPYDVPDYAG | K79: G | L79: YPYDVPDYAG | M79: G | N79: YPYDVPDYAG | O79: G | P79: YPYDVPDYAG | Q79: G | R79: YPYDVPDYAG | S79: G | T79: YPYDVPDYAG | U79: G | V79: YPYDVPDYAG | W79: G | X79: YPYDVPDYAG | Y79: G | Z79: YPYDVPDYAG | AA79: G | AB79: YPYDVPDYAG | AC79: G | AD79: YPYDVPDYAG | AE79: G | AF79: YPYDVPDYAG | AG79: G | AH79: YPYDVPDYAG | AI79: G | AJ79: YPYDVPDYAG | AK79: G | AL79: YPYDVPDYAG | AM79: G | AN79: YPYDVPDYAG | AO79: G | AP79: YPYDVPDYAG | AQ79: G | AR79: YPYDVPDYAG | AS79: G | AT79: YPYDVPDYAG | AU79: G | AV79: YPYDVPDYAG | AW79: G | AX79: YPYDVPDYAG | AY79: G | AZ79: YPYDVPDYAG | BA79: G | BB79: YPYDVPDYAG | BC79: G | BD79: YPYDVPDYAG | BE79: G | BF79: YPYDVPDYAG | BG79: G | BH79: YPYDVPDYAG | BI79: G | BJ79: YPYDVPDYAG | BK79: G | BL79: YPYDVPDYAG | BM79: G | BN79: YPYDVPDYAG | BO79: G | BP79: YPYDVPDYAG | BQ79: G
A80: 1 | B80: YPYDVPDYAG | C80: =INDEX('Mapping Summary'!$L$6:$L$1820,MATCH('Peptide Map'!C80,'Mapping Summary'!$D$6:$D$1820,0)) -> 0 | D80: =INDEX('Mapping Summary'!$L$6:$L$1820,MATCH('Peptide Map'!D80,'Mapping Summary'!$D$6:$D$1820,0)) -> 0 | E80: =INDEX('Mapping Summary'!$L$6:$L$1820,MATCH('Peptide Map'!E80,'Mapping Summary'!$D$6:$D$1820,0)) -> 0 | F80: =INDEX('Mapping Summary'!$L$6:$L$1820,MATCH('Peptide Map'!F80,'Mapping Summary'!$D$6:$D$1820,0)) -> 0 | G80: =INDEX('Mapping Summary'!$L$6:$L$1820,MATCH('Peptide Map'!G80,'Mapping Summary'!$D$6:$D$1820,0)) -> 0 | H80: =INDEX('Mapping Summary'!$L$6:$L$1820,MATCH('Peptide Map'!H80,'Mapping Summary'!$D$6:$D$1820,0)) -> 0 | I80: =INDEX('Mapping Summary'!$L$6:$L$1820,MATCH('Peptide Map'!I80,'Mapping Summary'!$D$6:$D$1820,0)) -> 0 | J80: =INDEX('Mapping Summary'!$L$6:$L$1820,MATCH('Peptide Map'!J80,'Mapping Summary'!$D$6:$D$1820,0)) -> 0 | ... BP80: =INDEX('Mapping Summary'!$L$6:$L$1820,MATCH('Peptide Map'!BP80,'Mapping Summary'!$D$6:$D$1820,0)) -> 24 | BQ80: YPYDVPDYAG
A81: 2 | B81: G | C81: =INDEX('Mapping Summary'!$L$6:$L$1820,MATCH('Peptide Map'!C81,'Mapping Summary'!$D$6:$D$1820,0)) -> 0 | D81: =INDEX('Mapping Summary'!$L$6:$L$1820,MATCH('Peptide Map'!D81,'Mapping Summary'!$D$6:$D$1820,0)) -> 0 | E81: =INDEX('Mapping Summary'!$L$6:$L$1820,MATCH('Peptide Map'!E81,'Mapping Summary'!$D$6:$D$1820,0)) -> 0 | F81: =INDEX('Mapping Summary'!$L$6:$L$1820,MATCH('Peptide Map'!F81,'Mapping Summary'!$D$6:$D$1820,0)) -> 0 | G81: =INDEX('Mapping Summary'!$L$6:$L$1820,MATCH('Peptide Map'!G81,'Mapping Summary'!$D$6:$D$1820,0)) -> 0 | H81: =INDEX('Mapping Summary'!$L$6:$L$1820,MATCH('Peptide Map'!H81,'Mapping Summary'!$D$6:$D$1820,0)) -> 0 | I81: =INDEX('Mapping Summary'!$L$6:$L$1820,MATCH('Peptide Map'!I81,'Mapping Summary'!$D$6:$D$1820,0)) -> 0 | J81: =INDEX('Mapping Summary'!$L$6:$L$1820,MATCH('Peptide Map'!J81,'Mapping Summary'!$D$6:$D$1820,0)) -> 0 | ... BP81: =INDEX('Mapping Summary'!$L$6:$L$1820,MATCH('Peptide Map'!BP81,'Mapping Summary'!$D$6:$D$1820,0)) -> 24 | BQ81: G
A82: 3 | B82: YPYDVPDYAG | C82: =INDEX('Mapping Summary'!$L$6:$L$1820,MATCH('Peptide Map'!C82,'Mapping Summary'!$D$6:$D$1820,0)) -> 0 | D82: =INDEX('Mapping Summary'!$L$6:$L$1820,MATCH('Peptide Map'!D82,'Mapping Summary'!$D$6:$D$1820,0)) -> 0 | E82: =INDEX('Mapping Summary'!$L$6:$L$1820,MATCH('Peptide Map'!E82,'Mapping Summary'!$D$6:$D$1820,0)) -> 0 | F82: =INDEX('Mapping Summary'!$L$6:$L$1820,MATCH('Peptide Map'!F82,'Mapping Summary'!$D$6:$D$1820,0)) -> 0 | G82: =INDEX('Mapping Summary'!$L$6:$L$1820,MATCH('Peptide Map'!G82,'Mapping Summary'!$D$6:$D$1820,0)) -> 0 | H82: =INDEX('Mapping Summary'!$L$6:$L$1820,MATCH('Peptide Map'!H82,'Mapping Summary'!$D$6:$D$1820,0)) -> 0 | I82: =INDEX('Mapping Summary'!$L$6:$L$1820,MATCH('Peptide Map'!I82,'Mapping Summary'!$D$6:$D$1820,0)) -> 0 | J82: =INDEX('Mapping Summary'!$L$6:$L$1820,MATCH('Peptide Map'!J82,'Mapping Summary'!$D$6:$D$1820,0)) -> 0 | ... BP82: =INDEX('Mapping Summary'!$L$6:$L$1820,MATCH('Peptide Map'!BP82,'Mapping Summary'!$D$6:$D$1820,0)) -> 15.5 | BQ82: YPYDVPDYAG
A83: 4 | B83: G | C83: =INDEX('Mapping Summary'!$L$6:$L$1820,MATCH('Peptide Map'!C83,'Mapping Summary'!$D$6:$D$1820,0)) -> 0 | D83: =INDEX('Mapping Summary'!$L$6:$L$1820,MATCH('Peptide Map'!D83,'Mapping Summary'!$D$6:$D$1820,0)) -> 0 | E83: =INDEX('Mapping Summary'!$L$6:$L$1820,MATCH('Peptide Map'!E83,'Mapping Summary'!$D$6:$D$1820,0)) -> 0 | F83: =INDEX('Mapping Summary'!$L$6:$L$1820,MATCH('Peptide Map'!F83,'Mapping Summary'!$D$6:$D$1820,0)) -> 0 | G83: =INDEX('Mapping Summary'!$L$6:$L$1820,MATCH('Peptide Map'!G83,'Mapping Summary'!$D$6:$D$1820,0)) -> 0 | H83: =INDEX('Mapping Summary'!$L$6:$L$1820,MATCH('Peptide Map'!H83,'Mapping Summary'!$D$6:$D$1820,0)) -> 0 | I83: =INDEX('Mapping Summary'!$L$6:$L$1820,MATCH('Peptide Map'!I83,'Mapping Summary'!$D$6:$D$1820,0)) -> 0 | J83: =INDEX('Mapping Summary'!$L$6:$L$1820,MATCH('Peptide Map'!J83,'Mapping Summary'!$D$6:$D$1820,0)) -> 0 | ... BP83: =INDEX('Mapping Summary'!$L$6:$L$1820,MATCH('Peptide Map'!BP83,'Mapping Summary'!$D$6:$D$1820,0)) -> 15.5 | BQ83: G
A84: 5 | B84: YPYDVPDYAG | C84: =INDEX('Mapping Summary'!$L$6:$L$1820,MATCH('Peptide Map'!C84,'Mapping Summary'!$D$6:$D$1820,0)) -> 8 | D84: =INDEX('Mapping Summary'!$L$6:$L$1820,MATCH('Peptide Map'!D84,'Mapping Summary'!$D$6:$D$1820,0)) -> 0 | E84: =INDEX('Mapping Summary'!$L$6:$L$1820,MATCH('Peptide Map'!E84,'Mapping Summary'!$D$6:$D$1820,0)) -> 4 | F84: =INDEX('Mapping Summary'!$L$6:$L$1820,MATCH('Peptide Map'!F84,'Mapping Summary'!$D$6:$D$1820,0)) -> 0 | G84: =INDEX('Mapping Summary'!$L$6:$L$1820,MATCH('Peptide Map'!G84,'Mapping Summary'!$D$6:$D$1820,0)) -> 7 | H84: =INDEX('Mapping Summary'!$L$6:$L$1820,MATCH('Peptide Map'!H84,'Mapping Summary'!$D$6:$D$1820,0)) -> 0 | I84: =INDEX('Mapping Summary'!$L$6:$L$1820,MATCH('Peptide Map'!I84,'Mapping Summary'!$D$6:$D$1820,0)) -> 0 | J84: =INDEX('Mapping Summary'!$L$6:$L$1820,MATCH('Peptide Map'!J84,'Mapping Summary'!$D$6:$D$1820,0)) -> 7.5 | ... BP84: =INDEX('Mapping Summary'!$L$6:$L$1820,MATCH('Peptide Map'!BP84,'Mapping Summary'!$D$6:$D$1820,0)) -> 0 | BQ84: YPYDVPDYAG
A85: 6 | B85: G | C85: =INDEX('Mapping Summary'!$L$6:$L$1820,MATCH('Peptide Map'!C85,'Mapping Summary'!$D$6:$D$1820,0)) -> 8 | D85: =INDEX('Mapping Summary'!$L$6:$L$1820,MATCH('Peptide Map'!D85,'Mapping Summary'!$D$6:$D$1820,0)) -> 0 | E85: =INDEX('Mapping Summary'!$L$6:$L$1820,MATCH('Peptide Map'!E85,'Mapping Summary'!$D$6:$D$1820,0)) -> 4 | F85: =INDEX('Mapping Summary'!$L$6:$L$1820,MATCH('Peptide Map'!F85,'Mapping Summary'!$D$6:$D$1820,0)) -> 0 | G85: =INDEX('Mapping Summary'!$L$6:$L$1820,MATCH('Peptide Map'!G85,'Mapping Summary'!$D$6:$D$1820,0)) -> 7 | H85: =INDEX('Mapping Summary'!$L$6:$L$1820,MATCH('Peptide Map'!H85,'Mapping Summary'!$D$6:$D$1820,0)) -> 0 | I85: =INDEX('Mapping Summary'!$L$6:$L$1820,MATCH('Peptide Map'!I85,'Mapping Summary'!$D$6:$D$1820,0)) -> 0 | J85: =INDEX('Mapping Summary'!$L$6:$L$1820,MATCH('Peptide Map'!J85,'Mapping Summary'!$D$6:$D$1820,0)) -> 7.5 | ... BP85: =INDEX('Mapping Summary'!$L$6:$L$1820,MATCH('Peptide Map'!BP85,'Mapping Summary'!$D$6:$D$1820,0)) -> 0 | BQ85: G
A86: 7 | B86: YPYDVPDYAG | C86: =INDEX('Mapping Summary'!$L$6:$L$1820,MATCH('Peptide Map'!C86,'Mapping Summary'!$D$6:$D$1820,0)) -> 0 | D86: =INDEX('Mapping Summary'!$L$6:$L$1820,MATCH('Peptide Map'!D86,'Mapping Summary'!$D$6:$D$1820,0)) -> 0 | E86: =INDEX('Mapping Summary'!$L$6:$L$1820,MATCH('Peptide Map'!E86,'Mapping Summary'!$D$6:$D$1820,0)) -> 0 | F86: =INDEX('Mapping Summary'!$L$6:$L$1820,MATCH('Peptide Map'!F86,'Mapping Summary'!$D$6:$D$1820,0)) -> 0 | G86: =INDEX('Mapping Summary'!$L$6:$L$1820,MATCH('Peptide Map'!G86,'Mapping Summary'!$D$6:$D$1820,0)) -> 0 | H86: =INDEX('Mapping Summary'!$L$6:$L$1820,MATCH('Peptide Map'!H86,'Mapping Summary'!$D$6:$D$1820,0)) -> 0 | I86: =INDEX('Mapping Summary'!$L$6:$L$1820,MATCH('Peptide Map'!I86,'Mapping Summary'!$D$6:$D$1820,0)) -> 0 | J86: =INDEX('Mapping Summary'!$L$6:$L$1820,MATCH('Peptide Map'!J86,'Mapping Summary'!$D$6:$D$1820,0)) -> 0 | ... BP86: =INDEX('Mapping Summary'!$L$6:$L$1820,MATCH('Peptide Map'!BP86,'Mapping Summary'!$D$6:$D$1820,0)) -> 23 | BQ86: YPYDVPDYAG
A87: 8 | B87: G | C87: =INDEX('Mapping Summary'!$L$6:$L$1820,MATCH('Peptide Map'!C87,'Mapping Summary'!$D$6:$D$1820,0)) -> 0 | D87: =INDEX('Mapping Summary'!$L$6:$L$1820,MATCH('Peptide Map'!D87,'Mapping Summary'!$D$6:$D$1820,0)) -> 0 | E87: =INDEX('Mapping Summary'!$L$6:$L$1820,MATCH('Peptide Map'!E87,'Mapping Summary'!$D$6:$D$1820,0)) -> 0 | F87: =INDEX('Mapping Summary'!$L$6:$L$1820,MATCH('Peptide Map'!F87,'Mapping Summary'!$D$6:$D$1820,0)) -> 0 | G87: =INDEX('Mapping Summary'!$L$6:$L$1820,MATCH('Peptide Map'!G87,'Mapping Summary'!$D$6:$D$1820,0)) -> 0 | H87: =INDEX('Mapping Summary'!$L$6:$L$1820,MATCH('Peptide Map'!H87,'Mapping Summary'!$D$6:$D$1820,0)) -> 0 | I87: =INDEX('Mapping Summary'!$L$6:$L$1820,MATCH('Peptide Map'!I87,'Mapping Summary'!$D$6:$D$1820,0)) -> 0 | J87: =INDEX('Mapping Summary'!$L$6:$L$1820,MATCH('Peptide Map'!J87,'Mapping Summary'!$D$6:$D$1820,0)) -> 0 | ... BP87: =INDEX('Mapping Summary'!$L$6:$L$1820,MATCH('Peptide Map'!BP87,'Mapping Summary'!$D$6:$D$1820,0)) -> 23 | BQ87: G
A88: 9 | B88: YPYDVPDYAG | C88: =INDEX('Mapping Summary'!$L$6:$L$1820,MATCH('Peptide Map'!C88,'Mapping Summary'!$D$6:$D$1820,0)) -> 0 | D88: =INDEX('Mapping Summary'!$L$6:$L$1820,MATCH('Peptide Map'!D88,'Mapping Summary'!$D$6:$D$1820,0)) -> 0 | E88: =INDEX('Mapping Summary'!$L$6:$L$1820,MATCH('Peptide Map'!E88,'Mapping Summary'!$D$6:$D$1820,0)) -> 0 | F88: =INDEX('Mapping Summary'!$L$6:$L$1820,MATCH('Peptide Map'!F88,'Mapping Summary'!$D$6:$D$1820,0)) -> 0 | G88: =INDEX('Mapping Summary'!$L$6:$L$1820,MATCH('Peptide Map'!G88,'Mapping Summary'!$D$6:$D$1820,0)) -> 0 | H88: =INDEX('Mapping Summary'!$L$6:$L$1820,MATCH('Peptide Map'!H88,'Mapping Summary'!$D$6:$D$1820,0)) -> 0 | I88: =INDEX('Mapping Summary'!$L$6:$L$1820,MATCH('Peptide Map'!I88,'Mapping Summary'!$D$6:$D$1820,0)) -> 0 | J88: =INDEX('Mapping Summary'!$L$6:$L$1820,MATCH('Peptide Map'!J88,'Mapping Summary'!$D$6:$D$1820,0)) -> 0 | ... BP88: =INDEX('Mapping Summary'!$L$6:$L$1820,MATCH('Peptide Map'!BP88,'Mapping Summary'!$D$6:$D$1820,0)) -> 42.5 | BQ88: YPYDVPDYAG
A89: 10 | B89: G | C89: =INDEX('Mapping Summary'!$L$6:$L$1820,MATCH('Peptide Map'!C89,'Mapping Summary'!$D$6:$D$1820,0)) -> 0 | D89: =INDEX('Mapping Summary'!$L$6:$L$1820,MATCH('Peptide Map'!D89,'Mapping Summary'!$D$6:$D$1820,0)) -> 0 | E89: =INDEX('Mapping Summary'!$L$6:$L$1820,MATCH('Peptide Map'!E89,'Mapping Summary'!$D$6:$D$1820,0)) -> 0 | F89: =INDEX('Mapping Summary'!$L$6:$L$1820,MATCH('Peptide Map'!F89,'Mapping Summary'!$D$6:$D$1820,0)) -> 0 | G89: =INDEX('Mapping Summary'!$L$6:$L$1820,MATCH('Peptide Map'!G89,'Mapping Summary'!$D$6:$D$1820,0)) -> 0 | H89: =INDEX('Mapping Summary'!$L$6:$L$1820,MATCH('Peptide Map'!H89,'Mapping Summary'!$D$6:$D$1820,0)) -> 0 | I89: =INDEX('Mapping Summary'!$L$6:$L$1820,MATCH('Peptide Map'!I89,'Mapping Summary'!$D$6:$D$1820,0)) -> 0 | J89: =INDEX('Mapping Summary'!$L$6:$L$1820,MATCH('Peptide Map'!J89,'Mapping Summary'!$D$6:$D$1820,0)) -> 0 | ... BP89: =INDEX('Mapping Summary'!$L$6:$L$1820,MATCH('Peptide Map'!BP89,'Mapping Summary'!$D$6:$D$1820,0)) -> 42.5 | BQ89: G
A90: 11 | B90: YPYDVPDYAG | C90: =INDEX('Mapping Summary'!$L$6:$L$1820,MATCH('Peptide Map'!C90,'Mapping Summary'!$D$6:$D$1820,0)) -> 0 | D90: =INDEX('Mapping Summary'!$L$6:$L$1820,MATCH('Peptide Map'!D90,'Mapping Summary'!$D$6:$D$1820,0)) -> 0 | E90: =INDEX('Mapping Summary'!$L$6:$L$1820,MATCH('Peptide Map'!E90,'Mapping Summary'!$D$6:$D$1820,0)) -> 0 | F90: =INDEX('Mapping Summary'!$L$6:$L$1820,MATCH('Peptide Map'!F90,'Mapping Summary'!$D$6:$D$1820,0)) -> 0 | G90: =INDEX('Mapping Summary'!$L$6:$L$1820,MATCH('Peptide Map'!G90,'Mapping Summary'!$D$6:$D$1820,0)) -> 0 | H90: =INDEX('Mapping Summary'!$L$6:$L$1820,MATCH('Peptide Map'!H90,'Mapping Summary'!$D$6:$D$1820,0)) -> 0 | I90: =INDEX('Mapping Summary'!$L$6:$L$1820,MATCH('Peptide Map'!I90,'Mapping Summary'!$D$6:$D$1820,0)) -> 0 | J90: =INDEX('Mapping Summary'!$L$6:$L$1820,MATCH('Peptide Map'!J90,'Mapping Summary'!$D$6:$D$1820,0)) -> 0 | ... BP90: =INDEX('Mapping Summary'!$L$6:$L$1820,MATCH('Peptide Map'!BP90,'Mapping Summary'!$D$6:$D$1820,0)) -> 0 | BQ90: YPYDVPDYAG
A91: 12 | B91: G | C91: =INDEX('Mapping Summary'!$L$6:$L$1820,MATCH('Peptide Map'!C91,'Mapping Summary'!$D$6:$D$1820,0)) -> 0 | D91: =INDEX('Mapping Summary'!$L$6:$L$1820,MATCH('Peptide Map'!D91,'Mapping Summary'!$D$6:$D$1820,0)) -> 0 | E91: =INDEX('Mapping Summary'!$L$6:$L$1820,MATCH('Peptide Map'!E91,'Mapping Summary'!$D$6:$D$1820,0)) -> 0 | F91: =INDEX('Mapping Summary'!$L$6:$L$1820,MATCH('Peptide Map'!F91,'Mapping Summary'!$D$6:$D$1820,0)) -> 0 | G91: =INDEX('Mapping Summary'!$L$6:$L$1820,MATCH('Peptide Map'!G91,'Mapping Summary'!$D$6:$D$1820,0)) -> 0 | H91: =INDEX('Mapping Summary'!$L$6:$L$1820,MATCH('Peptide Map'!H91,'Mapping Summary'!$D$6:$D$1820,0)) -> 0 | I91: =INDEX('Mapping Summary'!$L$6:$L$1820,MATCH('Peptide Map'!I91,'Mapping Summary'!$D$6:$D$1820,0)) -> 0 | J91: =INDEX('Mapping Summary'!$L$6:$L$1820,MATCH('Peptide Map'!J91,'Mapping Summary'!$D$6:$D$1820,0)) -> 0 | ... BP91: =INDEX('Mapping Summary'!$L$6:$L$1820,MATCH('Peptide Map'!BP91,'Mapping Summary'!$D$6:$D$1820,0)) -> 0 | BQ91: G
... A97: 18 | B97: G | C97: =INDEX('Mapping Summary'!$L$6:$L$1820,MATCH('Peptide Map'!C97,'Mapping Summary'!$D$6:$D$1820,0)) -> 0 | D97: =INDEX('Mapping Summary'!$L$6:$L$1820,MATCH('Peptide Map'!D97,'Mapping Summary'!$D$6:$D$1820,0)) -> 0 | E97: =INDEX('Mapping Summary'!$L$6:$L$1820,MATCH('Peptide Map'!E97,'Mapping Summary'!$D$6:$D$1820,0)) -> 0 | F97: =INDEX('Mapping Summary'!$L$6:$L$1820,MATCH('Peptide Map'!F97,'Mapping Summary'!$D$6:$D$1820,0)) -> 0 | G97: =INDEX('Mapping Summary'!$L$6:$L$1820,MATCH('Peptide Map'!G97,'Mapping Summary'!$D$6:$D$1820,0)) -> 0 | H97: =INDEX('Mapping Summary'!$L$6:$L$1820,MATCH('Peptide Map'!H97,'Mapping Summary'!$D$6:$D$1820,0)) -> 0 | I97: =INDEX('Mapping Summary'!$L$6:$L$1820,MATCH('Peptide Map'!I97,'Mapping Summary'!$D$6:$D$1820,0)) -> 0 | J97: =INDEX('Mapping Summary'!$L$6:$L$1820,MATCH('Peptide Map'!J97,'Mapping Summary'!$D$6:$D$1820,0)) -> 0 | ... BP97: =INDEX('Mapping Summary'!$L$6:$L$1820,MATCH('Peptide Map'!BP97,'Mapping Summary'!$D$6:$D$1820,0)) -> 9 | BQ97: G
A98: 19 | B98: YPYDVPDYAG | C98: =INDEX('Mapping Summary'!$L$6:$L$1820,MATCH('Peptide Map'!C98,'Mapping Summary'!$D$6:$D$1820,0)) -> 0 | D98: =INDEX('Mapping Summary'!$L$6:$L$1820,MATCH('Peptide Map'!D98,'Mapping Summary'!$D$6:$D$1820,0)) -> 0 | E98: =INDEX('Mapping Summary'!$L$6:$L$1820,MATCH('Peptide Map'!E98,'Mapping Summary'!$D$6:$D$1820,0)) -> 0 | F98: =INDEX('Mapping Summary'!$L$6:$L$1820,MATCH('Peptide Map'!F98,'Mapping Summary'!$D$6:$D$1820,0)) -> 0 | G98: =INDEX('Mapping Summary'!$L$6:$L$1820,MATCH('Peptide Map'!G98,'Mapping Summary'!$D$6:$D$1820,0)) -> 0 | H98: =INDEX('Mapping Summary'!$L$6:$L$1820,MATCH('Peptide Map'!H98,'Mapping Summary'!$D$6:$D$1820,0)) -> 0 | I98: =INDEX('Mapping Summary'!$L$6:$L$1820,MATCH('Peptide Map'!I98,'Mapping Summary'!$D$6:$D$1820,0)) -> 0 | J98: =INDEX('Mapping Summary'!$L$6:$L$1820,MATCH('Peptide Map'!J98,'Mapping Summary'!$D$6:$D$1820,0)) -> 0 | ... P98: =INDEX('Mapping Summary'!$L$6:$L$1820,MATCH('Peptide Map'!P98,'Mapping Summary'!$D$6:$D$1820,0)) -> 0 | BQ98: YPYDVPDYAG
A99: 20 | B99: G | C99: =INDEX('Mapping Summary'!$L$6:$L$1820,MATCH('Peptide Map'!C99,'Mapping Summary'!$D$6:$D$1820,0)) -> 0 | D99: =INDEX('Mapping Summary'!$L$6:$L$1820,MATCH('Peptide Map'!D99,'Mapping Summary'!$D$6:$D$1820,0)) -> 0 | E99: =INDEX('Mapping Summary'!$L$6:$L$1820,MATCH('Peptide Map'!E99,'Mapping Summary'!$D$6:$D$1820,0)) -> 0 | F99: =INDEX('Mapping Summary'!$L$6:$L$1820,MATCH('Peptide Map'!F99,'Mapping Summary'!$D$6:$D$1820,0)) -> 0 | G99: =INDEX('Mapping Summary'!$L$6:$L$1820,MATCH('Peptide Map'!G99,'Mapping Summary'!$D$6:$D$1820,0)) -> 0 | H99: =INDEX('Mapping Summary'!$L$6:$L$1820,MATCH('Peptide Map'!H99,'Mapping Summary'!$D$6:$D$1820,0)) -> 0 | I99: =INDEX('Mapping Summary'!$L$6:$L$1820,MATCH('Peptide Map'!I99,'Mapping Summary'!$D$6:$D$1820,0)) -> 0 | J99: =INDEX('Mapping Summary'!$L$6:$L$1820,MATCH('Peptide Map'!J99,'Mapping Summary'!$D$6:$D$1820,0)) -> 0 | ... P99: =INDEX('Mapping Summary'!$L$6:$L$1820,MATCH('Peptide Map'!P99,'Mapping Summary'!$D$6:$D$1820,0)) -> 0 | BQ99: G
A100: 21 | B100: YPYDVPDYAG | C100: =INDEX('Mapping Summary'!$L$6:$L$1820,MATCH('Peptide Map'!C100,'Mapping Summary'!$D$6:$D$1820,0)) -> 0 | D100: =INDEX('Mapping Summary'!$L$6:$L$1820,MATCH('Peptide Map'!D100,'Mapping Summary'!$D$6:$D$1820,0)) -> 0 | E100: =INDEX('Mapping Summary'!$L$6:$L$1820,MATCH('Peptide Map'!E100,'Mapping Summary'!$D$6:$D$1820,0)) -> 0 | F100: =INDEX('Mapping Summary'!$L$6:$L$1820,MATCH('Peptide Map'!F100,'Mapping Summary'!$D$6:$D$1820,0)) -> 0 | G100: =INDEX('Mapping Summary'!$L$6:$L$1820,MATCH('Peptide Map'!G100,'Mapping Summary'!$D$6:$D$1820,0)) -> 0 | H100: =INDEX('Mapping Summary'!$L$6:$L$1820,MATCH('Peptide Map'!H100,'Mapping Summary'!$D$6:$D$1820,0)) -> 0 | I100: =INDEX('Mapping Summary'!$L$6:$L$1820,MATCH('Peptide Map'!I100,'Mapping Summary'!$D$6:$D$1820,0)) -> 0 | J100: =INDEX('Mapping Summary'!$L$6:$L$1820,MATCH('Peptide Map'!J100,'Mapping Summary'!$D$6:$D$1820,0)) -> 0 | ... BP100: =INDEX('Mapping Summary'!$L$6:$L$1820,MATCH('Peptide Map'!BP100,'Mapping Summary'!$D$6:$D$1820,0)) -> 0 | BQ100: YPYDVPDYAG
A101: 22 | B101: G | C101: =INDEX('Mapping Summary'!$L$6:$L$1820,MATCH('Peptide Map'!C101,'Mapping Summary'!$D$6:$D$1820,0)) -> 0 | D101: =INDEX('Mapping Summary'!$L$6:$L$1820,MATCH('Peptide Map'!D101,'Mapping Summary'!$D$6:$D$1820,0)) -> 0 | E101: =INDEX('Mapping Summary'!$L$6:$L$1820,MATCH('Peptide Map'!E101,'Mapping Summary'!$D$6:$D$1820,0)) -> 0 | F101: =INDEX('Mapping Summary'!$L$6:$L$1820,MATCH('Peptide Map'!F101,'Mapping Summary'!$D$6:$D$1820,0)) -> 0 | G101: =INDEX('Mapping Summary'!$L$6:$L$1820,MATCH('Peptide Map'!G101,'Mapping Summary'!$D$6:$D$1820,0)) -> 0 | H101: =INDEX('Mapping Summary'!$L$6:$L$1820,MATCH('Peptide Map'!H101,'Mapping Summary'!$D$6:$D$1820,0)) -> 0 | I101: =INDEX('Mapping Summary'!$L$6:$L$1820,MATCH('Peptide Map'!I101,'Mapping Summary'!$D$6:$D$1820,0)) -> 0 | J101: =INDEX('Mapping Summary'!$L$6:$L$1820,MATCH('Peptide Map'!J101,'Mapping Summary'!$D$6:$D$1820,0)) -> 0 | ... BP101: =INDEX('Mapping Summary'!$L$6:$L$1820,MATCH('Peptide Map'!BP101,'Mapping Summary'!$D$6:$D$1820,0)) -> 0 | BQ101: G
A102: 23 | B102: YPYDVPDYAG | C102: =INDEX('Mapping Summary'!$L$6:$L$1820,MATCH('Peptide Map'!C102,'Mapping Summary'!$D$6:$D$1820,0)) -> 0 | D102: =INDEX('Mapping Summary'!$L$6:$L$1820,MATCH('Peptide Map'!D102,'Mapping Summary'!$D$6:$D$1820,0)) -> 0 | E102: =INDEX('Mapping Summary'!$L$6:$L$1820,MATCH('Peptide Map'!E102,'Mapping Summary'!$D$6:$D$1820,0)) -> 0 | F102: =INDEX('Mapping Summary'!$L$6:$L$1820,MATCH('Peptide Map'!F102,'Mapping Summary'!$D$6:$D$1820,0)) -> 0 | G102: =INDEX('Mapping Summary'!$L$6:$L$1820,MATCH('Peptide Map'!G102,'Mapping Summary'!$D$6:$D$1820,0)) -> 0 | H102: =INDEX('Mapping Summary'!$L$6:$L$1820,MATCH('Peptide Map'!H102,'Mapping Summary'!$D$6:$D$1820,0)) -> 0 | I102: =INDEX('Mapping Summary'!$L$6:$L$1820,MATCH('Peptide Map'!I102,'Mapping Summary'!$D$6:$D$1820,0)) -> 0 | J102: =INDEX('Mapping Summary'!$L$6:$L$1820,MATCH('Peptide Map'!J102,'Mapping Summary'!$D$6:$D$1820,0)) -> 0 | ... BP102: =INDEX('Mapping Summary'!$L$6:$L$1820,MATCH('Peptide Map'!BP102,'Mapping Summary'!$D$6:$D$1820,0)) -> 0 | BQ102: YPYDVPDYAG
A103: 24 | B103: G | C103: =INDEX('Mapping Summary'!$L$6:$L$1820,MATCH('Peptide Map'!C103,'Mapping Summary'!$D$6:$D$1820,0)) -> 0 | D103: =INDEX('Mapping Summary'!$L$6:$L$1820,MATCH('Peptide Map'!D103,'Mapping Summary'!$D$6:$D$1820,0)) -> 0 | E103: =INDEX('Mapping Summary'!$L$6:$L$1820,MATCH('Peptide Map'!E103,'Mapping Summary'!$D$6:$D$1820,0)) -> 0 | F103: =INDEX('Mapping Summary'!$L$6:$L$1820,MATCH('Peptide Map'!F103,'Mapping Summary'!$D$6:$D$1820,0)) -> 0 | G103: =INDEX('Mapping Summary'!$L$6:$L$1820,MATCH('Peptide Map'!G103,'Mapping Summary'!$D$6:$D$1820,0)) -> 0 | H103: =INDEX('Mapping Summary'!$L$6:$L$1820,MATCH('Peptide Map'!H103,'Mapping Summary'!$D$6:$D$1820,0)) -> 0 | I103: =INDEX('Mapping Summary'!$L$6:$L$1820,MATCH('Peptide Map'!I103,'Mapping Summary'!$D$6:$D$1820,0)) -> 0 | J103: =INDEX('Mapping Summary'!$L$6:$L$1820,MATCH('Peptide Map'!J103,'Mapping Summary'!$D$6:$D$1820,0)) -> 0 | ... BP103: =INDEX('Mapping Summary'!$L$6:$L$1820,MATCH('Peptide Map'!BP103,'Mapping Summary'!$D$6:$D$1820,0)) -> 0 | BQ103: G
A104: 25 | B104: YPYDVPDYAG | C104: =INDEX('Mapping Summary'!$L$6:$L$1820,MATCH('Peptide Map'!C104,'Mapping Summary'!$D$6:$D$1820,0)) -> 12.25 | D104: =INDEX('Mapping Summary'!$L$6:$L$1820,MATCH('Peptide Map'!D104,'Mapping Summary'!$D$6:$D$1820,0)) -> 0 | E104: =INDEX('Mapping Summary'!$L$6:$L$1820,MATCH('Peptide Map'!E104,'Mapping Summary'!$D$6:$D$1820,0)) -> 0 | F104: =INDEX('Mapping Summary'!$L$6:$L$1820,MATCH('Peptide Map'!F104,'Mapping Summary'!$D$6:$D$1820,0)) -> 0 | G104: =INDEX('Mapping Summary'!$L$6:$L$1820,MATCH('Peptide Map'!G104,'Mapping Summary'!$D$6:$D$1820,0)) -> 13.5 | H104: =INDEX('Mapping Summary'!$L$6:$L$1820,MATCH('Peptide Map'!H104,'Mapping Summary'!$D$6:$D$1820,0)) -> 0 | I104: =INDEX('Mapping Summary'!$L$6:$L$1820,MATCH('Peptide Map'!I104,'Mapping Summary'!$D$6:$D$1820,0)) -> 0 | J104: =INDEX('Mapping Summary'!$L$6:$L$1820,MATCH('Peptide Map'!J104,'Mapping Summary'!$D$6:$D$1820,0)) -> 0 | ... BP104: =INDEX('Mapping Summary'!$L$6:$L$1820,MATCH('Peptide Map'!BP104,'Mapping Summary'!$D$6:$D$1820,0)) -> 0 | BQ104: YPYDVPDYAG
A105: 26 | B105: G | C105: =INDEX('Mapping Summary'!$L$6:$L$1820,MATCH('Peptide Map'!C105,'Mapping Summary'!$D$6:$D$1820,0)) -> 12.25 | D105: =INDEX('Mapping Summary'!$L$6:$L$1820,MATCH('Peptide Map'!D105,'Mapping Summary'!$D$6:$D$1820,0)) -> 0 | E105: =INDEX('Mapping Summary'!$L$6:$L$1820,MATCH('Peptide Map'!E105,'Mapping Summary'!$D$6:$D$1820,0)) -> 0 | F105: =INDEX('Mapping Summary'!$L$6:$L$1820,MATCH('Peptide Map'!F105,'Mapping Summary'!$D$6:$D$1820,0)) -> 0 | G105: =INDEX('Mapping Summary'!$L$6:$L$1820,MATCH('Peptide Map'!G105,'Mapping Summary'!$D$6:$D$1820,0)) -> 13.5 | H105: =INDEX('Mapping Summary'!$L$6:$L$1820,MATCH('Peptide Map'!H105,'Mapping Summary'!$D$6:$D$1820,0)) -> 0 | I105: =INDEX('Mapping Summary'!$L$6:$L$1820,MATCH('Peptide Map'!I105,'Mapping Summary'!$D$6:$D$1820,0)) -> 0 | J105: =INDEX('Mapping Summary'!$L$6:$L$1820,MATCH('Peptide Map'!J105,'Mapping Summary'!$D$6:$D$1820,0)) -> 0 | ... BP105: =INDEX('Mapping Summary'!$L$6:$L$1820,MATCH('Peptide Map'!BP105,'Mapping Summary'!$D$6:$D$1820,0)) -> 0 | BQ105: G
A106: 27 | B106: YPYDVPDYAG | C106: =INDEX('Mapping Summary'!$L$6:$L$1820,MATCH('Peptide Map'!C106,'Mapping Summary'!$D$6:$D$1820,0)) -> 2 | D106: =INDEX('Mapping Summary'!$L$6:$L$1820,MATCH('Peptide Map'!D106,'Mapping Summary'!$D$6:$D$1820,0)) -> 0 | E106: =INDEX('Mapping Summary'!$L$6:$L$1820,MATCH('Peptide Map'!E106,'Mapping Summary'!$D$6:$D$1820,0)) -> 0 | F106: =INDEX('Mapping Summary'!$L$6:$L$1820,MATCH('Peptide Map'!F106,'Mapping Summary'!$D$6:$D$1820,0)) -> 0 | G106: =INDEX('Mapping Summary'!$L$6:$L$1820,MATCH('Peptide Map'!G106,'Mapping Summary'!$D$6:$D$1820,0)) -> 2 | H106: =INDEX('Mapping Summary'!$L$6:$L$1820,MATCH('Peptide Map'!H106,'Mapping Summary'!$D$6:$D$1820,0)) -> 1.5 | I106: =INDEX('Mapping Summary'!$L$6:$L$1820,MATCH('Peptide Map'!I106,'Mapping Summary'!$D$6:$D$1820,0)) -> 0 | J106: =INDEX('Mapping Summary'!$L$6:$L$1820,MATCH('Peptide Map'!J106,'Mapping Summary'!$D$6:$D$1820,0)) -> 0 | ... BP106: =INDEX('Mapping Summary'!$L$6:$L$1820,MATCH('Peptide Map'!BP106,'Mapping Summary'!$D$6:$D$1820,0)) -> 0 | BQ106: YPYDVPDYAG
A107: 28 | B107: G | C107: =INDEX('Mapping Summary'!$L$6:$L$1820,MATCH('Peptide Map'!C107,'Mapping Summary'!$D$6:$D$1820,0)) -> 2 | D107: =INDEX('Mapping Summary'!$L$6:$L$1820,MATCH('Peptide Map'!D107,'Mapping Summary'!$D$6:$D$1820,0)) -> 0 | E107: =INDEX('Mapping Summary'!$L$6:$L$1820,MATCH('Peptide Map'!E107,'Mapping Summary'!$D$6:$D$1820,0)) -> 0 | F107: =INDEX('Mapping Summary'!$L$6:$L$1820,MATCH('Peptide Map'!F107,'Mapping Summary'!$D$6:$D$1820,0)) -> 0 | G107: =INDEX('Mapping Summary'!$L$6:$L$1820,MATCH('Peptide Map'!G107,'Mapping Summary'!$D$6:$D$1820,0)) -> 2 | H107: =INDEX('Mapping Summary'!$L$6:$L$1820,MATCH('Peptide Map'!H107,'Mapping Summary'!$D$6:$D$1820,0)) -> 1.5 | I107: =INDEX('Mapping Summary'!$L$6:$L$1820,MATCH('Peptide Map'!I107,'Mapping Summary'!$D$6:$D$1820,0)) -> 0 | J107: =INDEX('Mapping Summary'!$L$6:$L$1820,MATCH('Peptide Map'!J107,'Mapping Summary'!$D$6:$D$1820,0)) -> 0 | ... BP107: =INDEX('Mapping Summary'!$L$6:$L$1820,MATCH('Peptide Map'!BP107,'Mapping Summary'!$D$6:$D$1820,0)) -> 0 | BQ107: G
A108: 29 | B108: YPYDVPDYAG | C108: =INDEX('Mapping Summary'!$L$6:$L$1820,MATCH('Peptide Map'!C108,'Mapping Summary'!$D$6:$D$1820,0)) -> 0 | D108: =INDEX('Mapping Summary'!$L$6:$L$1820,MATCH('Peptide Map'!D108,'Mapping Summary'!$D$6:$D$1820,0)) -> 0 | E108: =INDEX('Mapping Summary'!$L$6:$L$1820,MATCH('Peptide Map'!E108,'Mapping Summary'!$D$6:$D$1820,0)) -> 0 | F108: =INDEX('Mapping Summary'!$L$6:$L$1820,MATCH('Peptide Map'!F108,'Mapping Summary'!$D$6:$D$1820,0)) -> 0 | G108: =INDEX('Mapping Summary'!$L$6:$L$1820,MATCH('Peptide Map'!G108,'Mapping Summary'!$D$6:$D$1820,0)) -> 0 | H108: =INDEX('Mapping Summary'!$L$6:$L$1820,MATCH('Peptide Map'!H108,'Mapping Summary'!$D$6:$D$1820,0)) -> 0 | I108: =INDEX('Mapping Summary'!$L$6:$L$1820,MATCH('Peptide Map'!I108,'Mapping Summary'!$D$6:$D$1820,0)) -> 0 | J108: =INDEX('Mapping Summary'!$L$6:$L$1820,MATCH('Peptide Map'!J108,'Mapping Summary'!$D$6:$D$1820,0)) -> 0 | ... BP108: =INDEX('Mapping Summary'!$L$6:$L$1820,MATCH('Peptide Map'!BP108,'Mapping Summary'!$D$6:$D$1820,0)) -> 0 | BQ108: YPYDVPDYAG
A109: 30 | B109: G | C109: =INDEX('Mapping Summary'!$L$6:$L$1820,MATCH('Peptide Map'!C109,'Mapping Summary'!$D$6:$D$1820,0)) -> 0 | D109: =INDEX('Mapping Summary'!$L$6:$L$1820,MATCH('Peptide Map'!D109,'Mapping Summary'!$D$6:$D$1820,0)) -> 0 | E109: =INDEX('Mapping Summary'!$L$6:$L$1820,MATCH('Peptide Map'!E109,'Mapping Summary'!$D$6:$D$1820,0)) -> 0 | F109: =INDEX('Mapping Summary'!$L$6:$L$1820,MATCH('Peptide Map'!F109,'Mapping Summary'!$D$6:$D$1820,0)) -> 0 | G109: =INDEX('Mapping Summary'!$L$6:$L$1820,MATCH('Peptide Map'!G109,'Mapping Summary'!$D$6:$D$1820,0)) -> 0 | H109: =INDEX('Mapping Summary'!$L$6:$L$1820,MATCH('Peptide Map'!H109,'Mapping Summary'!$D$6:$D$1820,0)) -> 0 | I109: =INDEX('Mapping Summary'!$L$6:$L$1820,MATCH('Peptide Map'!I109,'Mapping Summary'!$D$6:$D$1820,0)) -> 0 | J109: =INDEX('Mapping Summary'!$L$6:$L$1820,MATCH('Peptide Map'!J109,'Mapping Summary'!$D$6:$D$1820,0)) -> 0 | ... BP109: =INDEX('Mapping Summary'!$L$6:$L$1820,MATCH('Peptide Map'!BP109,'Mapping Summary'!$D$6:$D$1820,0)) -> 0 | BQ109: G
A110: 31 | B110: YPYDVPDYAG | C110: =INDEX('Mapping Summary'!$L$6:$L$1820,MATCH('Peptide Map'!C110,'Mapping Summary'!$D$6:$D$1820,0)) -> 0 | D110: =INDEX('Mapping Summary'!$L$6:$L$1820,MATCH('Peptide Map'!D110,'Mapping Summary'!$D$6:$D$1820,0)) -> 0 | E110: =INDEX('Mapping Summary'!$L$6:$L$1820,MATCH('Peptide Map'!E110,'Mapping Summary'!$D$6:$D$1820,0)) -> 0 | F110: =INDEX('Mapping Summary'!$L$6:$L$1820,MATCH('Peptide Map'!F110,'Mapping Summary'!$D$6:$D$1820,0)) -> 0 | G110: =INDEX('Mapping Summary'!$L$6:$L$1820,MATCH('Peptide Map'!G110,'Mapping Summary'!$D$6:$D$1820,0)) -> 0 | H110: =INDEX('Mapping Summary'!$L$6:$L$1820,MATCH('Peptide Map'!H110,'Mapping Summary'!$D$6:$D$1820,0)) -> 0 | I110: =INDEX('Mapping Summary'!$L$6:$L$1820,MATCH('Peptide Map'!I110,'Mapping Summary'!$D$6:$D$1820,0)) -> 0 | J110: =INDEX('Mapping Summary'!$L$6:$L$1820,MATCH('Peptide Map'!J110,'Mapping Summary'!$D$6:$D$1820,0)) -> 0 | ... BP110: =INDEX('Mapping Summary'!$L$6:$L$1820,MATCH('Peptide Map'!BP110,'Mapping Summary'!$D$6:$D$1820,0)) -> 0 | BQ110: YPYDVPDYAG
A111: 32 | B111: G | C111: =INDEX('Mapping Summary'!$L$6:$L$1820,MATCH('Peptide Map'!C111,'Mapping Summary'!$D$6:$D$1820,0)) -> 0 | D111: =INDEX('Mapping Summary'!$L$6:$L$1820,MATCH('Peptide Map'!D111,'Mapping Summary'!$D$6:$D$1820,0)) -> 0 | E111: =INDEX('Mapping Summary'!$L$6:$L$1820,MATCH('Peptide Map'!E111,'Mapping Summary'!$D$6:$D$1820,0)) -> 0 | F111: =INDEX('Mapping Summary'!$L$6:$L$1820,MATCH('Peptide Map'!F111,'Mapping Summary'!$D$6:$D$1820,0)) -> 0 | G111: =INDEX('Mapping Summary'!$L$6:$L$1820,MATCH('Peptide Map'!G111,'Mapping Summary'!$D$6:$D$1820,0)) -> 0 | H111: =INDEX('Mapping Summary'!$L$6:$L$1820,MATCH('Peptide Map'!H111,'Mapping Summary'!$D$6:$D$1820,0)) -> 0 | I111: =INDEX('Mapping Summary'!$L$6:$L$1820,MATCH('Peptide Map'!I111,'Mapping Summary'!$D$6:$D$1820,0)) -> 0 | J111: =INDEX('Mapping Summary'!$L$6:$L$1820,MATCH('Peptide Map'!J111,'Mapping Summary'!$D$6:$D$1820,0)) -> 0 | ... BP111: =INDEX('Mapping Summary'!$L$6:$L$1820,MATCH('Peptide Map'!BP111,'Mapping Summary'!$D$6:$D$1820,0)) -> 0 | BQ111: G
... A117: 38 | B117: G | C117: =INDEX('Mapping Summary'!$L$6:$L$1820,MATCH('Peptide Map'!C117,'Mapping Summary'!$D$6:$D$1820,0)) -> 0 | D117: =INDEX('Mapping Summary'!$L$6:$L$1820,MATCH('Peptide Map'!D117,'Mapping Summary'!$D$6:$D$1820,0)) -> 0 | E117: =INDEX('Mapping Summary'!$L$6:$L$1820,MATCH('Peptide Map'!E117,'Mapping Summary'!$D$6:$D$1820,0)) -> 0 | F117: =INDEX('Mapping Summary'!$L$6:$L$1820,MATCH('Peptide Map'!F117,'Mapping Summary'!$D$6:$D$1820,0)) -> 0 | G117: =INDEX('Mapping Summary'!$L$6:$L$1820,MATCH('Peptide Map'!G117,'Mapping Summary'!$D$6:$D$1820,0)) -> 0 | H117: =INDEX('Mapping Summary'!$L$6:$L$1820,MATCH('Peptide Map'!H117,'Mapping Summary'!$D$6:$D$1820,0)) -> 0 | I117: =INDEX('Mapping Summary'!$L$6:$L$1820,MATCH('Peptide Map'!I117,'Mapping Summary'!$D$6:$D$1820,0)) -> 0 | J117: =INDEX('Mapping Summary'!$L$6:$L$1820,MATCH('Peptide Map'!J117,'Mapping Summary'!$D$6:$D$1820,0)) -> 0 | ... BP117: =INDEX('Mapping Summary'!$L$6:$L$1820,MATCH('Peptide Map'!BP117,'Mapping Summary'!$D$6:$D$1820,0)) -> 0 | BQ117: G
A118: 39 | B118: YPYDVPDYAG | C118: =INDEX('Mapping Summary'!$L$6:$L$1820,MATCH('Peptide Map'!C118,'Mapping Summary'!$D$6:$D$1820,0)) -> 0 | D118: =INDEX('Mapping Summary'!$L$6:$L$1820,MATCH('Peptide Map'!D118,'Mapping Summary'!$D$6:$D$1820,0)) -> 0 | E118: =INDEX('Mapping Summary'!$L$6:$L$1820,MATCH('Peptide Map'!E118,'Mapping Summary'!$D$6:$D$1820,0)) -> 0 | F118: =INDEX('Mapping Summary'!$L$6:$L$1820,MATCH('Peptide Map'!F118,'Mapping Summary'!$D$6:$D$1820,0)) -> 0 | G118: =INDEX('Mapping Summary'!$L$6:$L$1820,MATCH('Peptide Map'!G118,'Mapping Summary'!$D$6:$D$1820,0)) -> 0 | H118: =INDEX('Mapping Summary'!$L$6:$L$1820,MATCH('Peptide Map'!H118,'Mapping Summary'!$D$6:$D$1820,0)) -> 0 | I118: =INDEX('Mapping Summary'!$L$6:$L$1820,MATCH('Peptide Map'!I118,'Mapping Summary'!$D$6:$D$1820,0)) -> 0 | J118: =INDEX('Mapping Summary'!$L$6:$L$1820,MATCH('Peptide Map'!J118,'Mapping Summary'!$D$6:$D$1820,0)) -> 0 | ... M118: =INDEX('Mapping Summary'!$L$6:$L$1820,MATCH('Peptide Map'!M118,'Mapping Summary'!$D$6:$D$1820,0)) -> 0 | BQ118: YPYDVPDYAG
A119: 40 | B119: G | C119: =INDEX('Mapping Summary'!$L$6:$L$1820,MATCH('Peptide Map'!C119,'Mapping Summary'!$D$6:$D$1820,0)) -> 0 | D119: =INDEX('Mapping Summary'!$L$6:$L$1820,MATCH('Peptide Map'!D119,'Mapping Summary'!$D$6:$D$1820,0)) -> 0 | E119: =INDEX('Mapping Summary'!$L$6:$L$1820,MATCH('Peptide Map'!E119,'Mapping Summary'!$D$6:$D$1820,0)) -> 0 | F119: =INDEX('Mapping Summary'!$L$6:$L$1820,MATCH('Peptide Map'!F119,'Mapping Summary'!$D$6:$D$1820,0)) -> 0 | G119: =INDEX('Mapping Summary'!$L$6:$L$1820,MATCH('Peptide Map'!G119,'Mapping Summary'!$D$6:$D$1820,0)) -> 0 | H119: =INDEX('Mapping Summary'!$L$6:$L$1820,MATCH('Peptide Map'!H119,'Mapping Summary'!$D$6:$D$1820,0)) -> 0 | I119: =INDEX('Mapping Summary'!$L$6:$L$1820,MATCH('Peptide Map'!I119,'Mapping Summary'!$D$6:$D$1820,0)) -> 0 | J119: =INDEX('Mapping Summary'!$L$6:$L$1820,MATCH('Peptide Map'!J119,'Mapping Summary'!$D$6:$D$1820,0)) -> 0 | ... M119: =INDEX('Mapping Summary'!$L$6:$L$1820,MATCH('Peptide Map'!M119,'Mapping Summary'!$D$6:$D$1820,0)) -> 0 | BQ119: G
A120: 41 | B120: YPYDVPDYAG | C120: =INDEX('Mapping Summary'!$L$6:$L$1820,MATCH('Peptide Map'!C120,'Mapping Summary'!$D$6:$D$1820,0)) -> 5.5 | D120: =INDEX('Mapping Summary'!$L$6:$L$1820,MATCH('Peptide Map'!D120,'Mapping Summary'!$D$6:$D$1820,0)) -> 0 | E120: =INDEX('Mapping Summary'!$L$6:$L$1820,MATCH('Peptide Map'!E120,'Mapping Summary'!$D$6:$D$1820,0)) -> 0 | F120: =INDEX('Mapping Summary'!$L$6:$L$1820,MATCH('Peptide Map'!F120,'Mapping Summary'!$D$6:$D$1820,0)) -> 0 | G120: =INDEX('Mapping Summary'!$L$6:$L$1820,MATCH('Peptide Map'!G120,'Mapping Summary'!$D$6:$D$1820,0)) -> 0 | H120: =INDEX('Mapping Summary'!$L$6:$L$1820,MATCH('Peptide Map'!H120,'Mapping Summary'!$D$6:$D$1820,0)) -> 0 | I120: =INDEX('Mapping Summary'!$L$6:$L$1820,MATCH('Peptide Map'!I120,'Mapping Summary'!$D$6:$D$1820,0)) -> 0 | J120: =INDEX('Mapping Summary'!$L$6:$L$1820,MATCH('Peptide Map'!J120,'Mapping Summary'!$D$6:$D$1820,0)) -> 0 | ... BP120: =INDEX('Mapping Summary'!$L$6:$L$1820,MATCH('Peptide Map'!BP120,'Mapping Summary'!$D$6:$D$1820,0)) -> 0 | BQ120: YPYDVPDYAG
A121: 42 | B121: G | C121: =INDEX('Mapping Summary'!$L$6:$L$1820,MATCH('Peptide Map'!C121,'Mapping Summary'!$D$6:$D$1820,0)) -> 5.5 | D121: =INDEX('Mapping Summary'!$L$6:$L$1820,MATCH('Peptide Map'!D121,'Mapping Summary'!$D$6:$D$1820,0)) -> 0 | E121: =INDEX('Mapping Summary'!$L$6:$L$1820,MATCH('Peptide Map'!E121,'Mapping Summary'!$D$6:$D$1820,0)) -> 0 | F121: =INDEX('Mapping Summary'!$L$6:$L$1820,MATCH('Peptide Map'!F121,'Mapping Summary'!$D$6:$D$1820,0)) -> 0 | G121: =INDEX('Mapping Summary'!$L$6:$L$1820,MATCH('Peptide Map'!G121,'Mapping Summary'!$D$6:$D$1820,0)) -> 0 | H121: =INDEX('Mapping Summary'!$L$6:$L$1820,MATCH('Peptide Map'!H121,'Mapping Summary'!$D$6:$D$1820,0)) -> 0 | I121: =INDEX('Mapping Summary'!$L$6:$L$1820,MATCH('Peptide Map'!I121,'Mapping Summary'!$D$6:$D$1820,0)) -> 0 | J121: =INDEX('Mapping Summary'!$L$6:$L$1820,MATCH('Peptide Map'!J121,'Mapping Summary'!$D$6:$D$1820,0)) -> 0 | ... BP121: =INDEX('Mapping Summary'!$L$6:$L$1820,MATCH('Peptide Map'!BP121,'Mapping Summary'!$D$6:$D$1820,0)) -> 0 | BQ121: G
A122: 43 | B122: YPYDVPDYAG | C122: =INDEX('Mapping Summary'!$L$6:$L$1820,MATCH('Peptide Map'!C122,'Mapping Summary'!$D$6:$D$1820,0)) -> 6 | D122: =INDEX('Mapping Summary'!$L$6:$L$1820,MATCH('Peptide Map'!D122,'Mapping Summary'!$D$6:$D$1820,0)) -> 0 | E122: =INDEX('Mapping Summary'!$L$6:$L$1820,MATCH('Peptide Map'!E122,'Mapping Summary'!$D$6:$D$1820,0)) -> 0 | F122: =INDEX('Mapping Summary'!$L$6:$L$1820,MATCH('Peptide Map'!F122,'Mapping Summary'!$D$6:$D$1820,0)) -> 0 | G122: =INDEX('Mapping Summary'!$L$6:$L$1820,MATCH('Peptide Map'!G122,'Mapping Summary'!$D$6:$D$1820,0)) -> 0 | H122: =INDEX('Mapping Summary'!$L$6:$L$1820,MATCH('Peptide Map'!H122,'Mapping Summary'!$D$6:$D$1820,0)) -> 0 | I122: =INDEX('Mapping Summary'!$L$6:$L$1820,MATCH('Peptide Map'!I122,'Mapping Summary'!$D$6:$D$1820,0)) -> 0 | J122: =INDEX('Mapping Summary'!$L$6:$L$1820,MATCH('Peptide Map'!J122,'Mapping Summary'!$D$6:$D$1820,0)) -> 0 | ... BP122: =INDEX('Mapping Summary'!$L$6:$L$1820,MATCH('Peptide Map'!BP122,'Mapping Summary'!$D$6:$D$1820,0)) -> 0 | BQ122: YPYDVPDYAG
A123: 44 | B123: G | C123: =INDEX('Mapping Summary'!$L$6:$L$1820,MATCH('Peptide Map'!C123,'Mapping Summary'!$D$6:$D$1820,0)) -> 6 | D123: =INDEX('Mapping Summary'!$L$6:$L$1820,MATCH('Peptide Map'!D123,'Mapping Summary'!$D$6:$D$1820,0)) -> 0 | E123: =INDEX('Mapping Summary'!$L$6:$L$1820,MATCH('Peptide Map'!E123,'Mapping Summary'!$D$6:$D$1820,0)) -> 0 | F123: =INDEX('Mapping Summary'!$L$6:$L$1820,MATCH('Peptide Map'!F123,'Mapping Summary'!$D$6:$D$1820,0)) -> 0 | G123: =INDEX('Mapping Summary'!$L$6:$L$1820,MATCH('Peptide Map'!G123,'Mapping Summary'!$D$6:$D$1820,0)) -> 0 | H123: =INDEX('Mapping Summary'!$L$6:$L$1820,MATCH('Peptide Map'!H123,'Mapping Summary'!$D$6:$D$1820,0)) -> 0 | I123: =INDEX('Mapping Summary'!$L$6:$L$1820,MATCH('Peptide Map'!I123,'Mapping Summary'!$D$6:$D$1820,0)) -> 0 | J123: =INDEX('Mapping Summary'!$L$6:$L$1820,MATCH('Peptide Map'!J123,'Mapping Summary'!$D$6:$D$1820,0)) -> 0 | ... BP123: =INDEX('Mapping Summary'!$L$6:$L$1820,MATCH('Peptide Map'!BP123,'Mapping Summary'!$D$6:$D$1820,0)) -> 0 | BQ123: G
A124: 45 | B124: YPYDVPDYAG | C124: =INDEX('Mapping Summary'!$L$6:$L$1820,MATCH('Peptide Map'!C124,'Mapping Summary'!$D$6:$D$1820,0)) -> 0 | D124: =INDEX('Mapping Summary'!$L$6:$L$1820,MATCH('Peptide Map'!D124,'Mapping Summary'!$D$6:$D$1820,0)) -> 16 | E124: =INDEX('Mapping Summary'!$L$6:$L$1820,MATCH('Peptide Map'!E124,'Mapping Summary'!$D$6:$D$1820,0)) -> 0 | F124: =INDEX('Mapping Summary'!$L$6:$L$1820,MATCH('Peptide Map'!F124,'Mapping Summary'!$D$6:$D$1820,0)) -> 0 | G124: =INDEX('Mapping Summary'!$L$6:$L$1820,MATCH('Peptide Map'!G124,'Mapping Summary'!$D$6:$D$1820,0)) -> 0 | H124: =INDEX('Mapping Summary'!$L$6:$L$1820,MATCH('Peptide Map'!H124,'Mapping Summary'!$D$6:$D$1820,0)) -> 0 | I124: =INDEX('Mapping Summary'!$L$6:$L$1820,MATCH('Peptide Map'!I124,'Mapping Summary'!$D$6:$D$1820,0)) -> 0 | J124: =INDEX('Mapping Summary'!$L$6:$L$1820,MATCH('Peptide Map'!J124,'Mapping Summary'!$D$6:$D$1820,0)) -> 0 | ... BP124: =INDEX('Mapping Summary'!$L$6:$L$1820,MATCH('Peptide Map'!BP124,'Mapping Summary'!$D$6:$D$1820,0)) -> 0 | BQ124: YPYDVPDYAG
A125: 46 | B125: G | C125: =INDEX('Mapping Summary'!$L$6:$L$1820,MATCH('Peptide Map'!C125,'Mapping Summary'!$D$6:$D$1820,0)) -> 0 | D125: =INDEX('Mapping Summary'!$L$6:$L$1820,MATCH('Peptide Map'!D125,'Mapping Summary'!$D$6:$D$1820,0)) -> 16 | E125: =INDEX('Mapping Summary'!$L$6:$L$1820,MATCH('Peptide Map'!E125,'Mapping Summary'!$D$6:$D$1820,0)) -> 0 | F125: =INDEX('Mapping Summary'!$L$6:$L$1820,MATCH('Peptide Map'!F125,'Mapping Summary'!$D$6:$D$1820,0)) -> 0 | G125: =INDEX('Mapping Summary'!$L$6:$L$1820,MATCH('Peptide Map'!G125,'Mapping Summary'!$D$6:$D$1820,0)) -> 0 | H125: =INDEX('Mapping Summary'!$L$6:$L$1820,MATCH('Peptide Map'!H125,'Mapping Summary'!$D$6:$D$1820,0)) -> 0 | I125: =INDEX('Mapping Summary'!$L$6:$L$1820,MATCH('Peptide Map'!I125,'Mapping Summary'!$D$6:$D$1820,0)) -> 0 | J125: =INDEX('Mapping Summary'!$L$6:$L$1820,MATCH('Peptide Map'!J125,'Mapping Summary'!$D$6:$D$1820,0)) -> 0 | ... BP125: =INDEX('Mapping Summary'!$L$6:$L$1820,MATCH('Peptide Map'!BP125,'Mapping Summary'!$D$6:$D$1820,0)) -> 0 | BQ125: G
A126: 47 | B126: YPYDVPDYAG | C126: =INDEX('Mapping Summary'!$L$6:$L$1820,MATCH('Peptide Map'!C126,'Mapping Summary'!$D$6:$D$1820,0)) -> 0 | D126: =INDEX('Mapping Summary'!$L$6:$L$1820,MATCH('Peptide Map'!D126,'Mapping Summary'!$D$6:$D$1820,0)) -> 9 | E126: =INDEX('Mapping Summary'!$L$6:$L$1820,MATCH('Peptide Map'!E126,'Mapping Summary'!$D$6:$D$1820,0)) -> 6.5 | F126: =INDEX('Mapping Summary'!$L$6:$L$1820,MATCH('Peptide Map'!F126,'Mapping Summary'!$D$6:$D$1820,0)) -> 0 | G126: =INDEX('Mapping Summary'!$L$6:$L$1820,MATCH('Peptide Map'!G126,'Mapping Summary'!$D$6:$D$1820,0)) -> 0 | H126: =INDEX('Mapping Summary'!$L$6:$L$1820,MATCH('Peptide Map'!H126,'Mapping Summary'!$D$6:$D$1820,0)) -> 0 | I126: =INDEX('Mapping Summary'!$L$6:$L$1820,MATCH('Peptide Map'!I126,'Mapping Summary'!$D$6:$D$1820,0)) -> 0 | J126: =INDEX('Mapping Summary'!$L$6:$L$1820,MATCH('Peptide Map'!J126,'Mapping Summary'!$D$6:$D$1820,0)) -> 0 | ... BP126: =INDEX('Mapping Summary'!$L$6:$L$1820,MATCH('Peptide Map'!BP126,'Mapping Summary'!$D$6:$D$1820,0)) -> 0 | BQ126: YPYDVPDYAG
A127: 48 | B127: G | C127: =INDEX('Mapping Summary'!$L$6:$L$1820,MATCH('Peptide Map'!C127,'Mapping Summary'!$D$6:$D$1820,0)) -> 0 | D127: =INDEX('Mapping Summary'!$L$6:$L$1820,MATCH('Peptide Map'!D127,'Mapping Summary'!$D$6:$D$1820,0)) -> 9 | E127: =INDEX('Mapping Summary'!$L$6:$L$1820,MATCH('Peptide Map'!E127,'Mapping Summary'!$D$6:$D$1820,0)) -> 6.5 | F127: =INDEX('Mapping Summary'!$L$6:$L$1820,MATCH('Peptide Map'!F127,'Mapping Summary'!$D$6:$D$1820,0)) -> 0 | G127: =INDEX('Mapping Summary'!$L$6:$L$1820,MATCH('Peptide Map'!G127,'Mapping Summary'!$D$6:$D$1820,0)) -> 0 | H127: =INDEX('Mapping Summary'!$L$6:$L$1820,MATCH('Peptide Map'!H127,'Mapping Summary'!$D$6:$D$1820,0)) -> 0 | I127: =INDEX('Mapping Summary'!$L$6:$L$1820,MATCH('Peptide Map'!I127,'Mapping Summary'!$D$6:$D$1820,0)) -> 0 | J127: =INDEX('Mapping Summary'!$L$6:$L$1820,MATCH('Peptide Map'!J127,'Mapping Summary'!$D$6:$D$1820,0)) -> 0 | ... BP127: =INDEX('Mapping Summary'!$L$6:$L$1820,MATCH('Peptide Map'!BP127,'Mapping Summary'!$D$6:$D$1820,0)) -> 0 | BQ127: G
A128: 49 | B128: YPYDVPDYAG | C128: =INDEX('Mapping Summary'!$L$6:$L$1820,MATCH('Peptide Map'!C128,'Mapping Summary'!$D$6:$D$1820,0)) -> 9 | D128: =INDEX('Mapping Summary'!$L$6:$L$1820,MATCH('Peptide Map'!D128,'Mapping Summary'!$D$6:$D$1820,0)) -> 0 | E128: =INDEX('Mapping Summary'!$L$6:$L$1820,MATCH('Peptide Map'!E128,'Mapping Summary'!$D$6:$D$1820,0)) -> 0 | F128: =INDEX('Mapping Summary'!$L$6:$L$1820,MATCH('Peptide Map'!F128,'Mapping Summary'!$D$6:$D$1820,0)) -> 0 | G128: =INDEX('Mapping Summary'!$L$6:$L$1820,MATCH('Peptide Map'!G128,'Mapping Summary'!$D$6:$D$1820,0)) -> 0 | H128: =INDEX('Mapping Summary'!$L$6:$L$1820,MATCH('Peptide Map'!H128,'Mapping Summary'!$D$6:$D$1820,0)) -> 0 | I128: =INDEX('Mapping Summary'!$L$6:$L$1820,MATCH('Peptide Map'!I128,'Mapping Summary'!$D$6:$D$1820,0)) -> 0 | J128: =INDEX('Mapping Summary'!$L$6:$L$1820,MATCH('Peptide Map'!J128,'Mapping Summary'!$D$6:$D$1820,0)) -> 0 | ... BP128: =INDEX('Mapping Summary'!$L$6:$L$1820,MATCH('Peptide Map'!BP128,'Mapping Summary'!$D$6:$D$1820,0)) -> 0 | BQ128: YPYDVPDYAG
A129: 50 | B129: G | C129: =INDEX('Mapping Summary'!$L$6:$L$1820,MATCH('Peptide Map'!C129,'Mapping Summary'!$D$6:$D$1820,0)) -> 9 | D129: =INDEX('Mapping Summary'!$L$6:$L$1820,MATCH('Peptide Map'!D129,'Mapping Summary'!$D$6:$D$1820,0)) -> 0 | E129: =INDEX('Mapping Summary'!$L$6:$L$1820,MATCH('Peptide Map'!E129,'Mapping Summary'!$D$6:$D$1820,0)) -> 0 | F129: =INDEX('Mapping Summary'!$L$6:$L$1820,MATCH('Peptide Map'!F129,'Mapping Summary'!$D$6:$D$1820,0)) -> 0 | G129: =INDEX('Mapping Summary'!$L$6:$L$1820,MATCH('Peptide Map'!G129,'Mapping Summary'!$D$6:$D$1820,0)) -> 0 | H129: =INDEX('Mapping Summary'!$L$6:$L$1820,MATCH('Peptide Map'!H129,'Mapping Summary'!$D$6:$D$1820,0)) -> 0 | I129: =INDEX('Mapping Summary'!$L$6:$L$1820,MATCH('Peptide Map'!I129,'Mapping Summary'!$D$6:$D$1820,0)) -> 0 | J129: =INDEX('Mapping Summary'!$L$6:$L$1820,MATCH('Peptide Map'!J129,'Mapping Summary'!$D$6:$D$1820,0)) -> 0 | ... BP129: =INDEX('Mapping Summary'!$L$6:$L$1820,MATCH('Peptide Map'!BP129,'Mapping Summary'!$D$6:$D$1820,0)) -> 0 | BQ129: G
A130: 51 | B130: YPYDVPDYAG | C130: =INDEX('Mapping Summary'!$L$6:$L$1820,MATCH('Peptide Map'!C130,'Mapping Summary'!$D$6:$D$1820,0)) -> 0 | D130: =INDEX('Mapping Summary'!$L$6:$L$1820,MATCH('Peptide Map'!D130,'Mapping Summary'!$D$6:$D$1820,0)) -> 0 | E130: =INDEX('Mapping Summary'!$L$6:$L$1820,MATCH('Peptide Map'!E130,'Mapping Summary'!$D$6:$D$1820,0)) -> 0 | F130: =INDEX('Mapping Summary'!$L$6:$L$1820,MATCH('Peptide Map'!F130,'Mapping Summary'!$D$6:$D$1820,0)) -> 0 | G130: =INDEX('Mapping Summary'!$L$6:$L$1820,MATCH('Peptide Map'!G130,'Mapping Summary'!$D$6:$D$1820,0)) -> 0 | H130: =INDEX('Mapping Summary'!$L$6:$L$1820,MATCH('Peptide Map'!H130,'Mapping Summary'!$D$6:$D$1820,0)) -> 0 | I130: =INDEX('Mapping Summary'!$L$6:$L$1820,MATCH('Peptide Map'!I130,'Mapping Summary'!$D$6:$D$1820,0)) -> 0 | J130: =INDEX('Mapping Summary'!$L$6:$L$1820,MATCH('Peptide Map'!J130,'Mapping Summary'!$D$6:$D$1820,0)) -> 0 | ... BP130: =INDEX('Mapping Summary'!$L$6:$L$1820,MATCH('Peptide Map'!BP130,'Mapping Summary'!$D$6:$D$1820,0)) -> 0 | BQ130: YPYDVPDYAG
...

Sheet Intensity Plot
A1: Intensity Plot CMV gH (PEP20205091784) - Mouse Anti-CMV gH Antibody 13G1
A3: The intensity plot is based on the corrected intensity values and sorted from the N- to the C-terminus of CMV gH.
A5: Spot Family | B5: Row | C5: Column | D5: Peptide | E5: Mouse antibody 13G1, 1 µg/ml | F5: Mouse antibody 13G1, 10 µg/ml | G5: Mouse antibody 13G1, 100 µg/ml
A6: Icahn School of Medicine, CMV gH, 7 aa Cyclic Constrained Peptides (PEP20205091784) | B6: 2 | C6: 2 | D6: GSGSGSG | E6: ='Mapping Summary'!H6 -> 0 | F6: ='Mapping Summary'!L6 -> 0 | G6: ='Mapping Summary'!P6 -> 25
A7: Icahn School of Medicine, CMV gH, 7 aa Cyclic Constrained Peptides (PEP20205091784) | B7: 2 | C7: 3 | D7: SGSGSGP | E7: ='Mapping Summary'!H7 -> 0 | F7: ='Mapping Summary'!L7 -> 0 | G7: ='Mapping Summary'!P7 -> 23
A8: Icahn School of Medicine, CMV gH, 7 aa Cyclic Constrained Peptides (PEP20205091784) | B8: 2 | C8: 4 | D8: GSGSGPL | E8: ='Mapping Summary'!H8 -> 0 | F8: ='Mapping Summary'!L8 -> 0 | G8: ='Mapping Summary'!P8 -> 25
A9: Icahn School of Medicine, CMV gH, 7 aa Cyclic Constrained Peptides (PEP20205091784) | B9: 2 | C9: 5 | D9: SGSGPLA | E9: ='Mapping Summary'!H9 -> 0 | F9: ='Mapping Summary'!L9 -> 0 | G9: ='Mapping Summary'!P9 -> 25.5
A10: Icahn School of Medicine, CMV gH, 7 aa Cyclic Constrained Peptides (PEP20205091784) | B10: 2 | C10: 6 | D10: GSGPLAE | E10: ='Mapping Summary'!H10 -> 8.5 | F10: ='Mapping Summary'!L10 -> 0 | G10: ='Mapping Summary'!P10 -> 9.5
A11: Icahn School of Medicine, CMV gH, 7 aa Cyclic Constrained Peptides (PEP20205091784) | B11: 2 | C11: 7 | D11: SGPLAEQ | E11: ='Mapping Summary'!H11 -> 0 | F11: ='Mapping Summary'!L11 -> 0 | G11: ='Mapping Summary'!P11 -> 0
