Workbook

Sheet Data Summary
A1: Microarray Data Summary Conformational CMV gH Epitope Mappings (PEP20205091784)
A3: The microarray data summary of the conformational epitope mappings of mouse anti-CMV gH IgG antibodies 1D11, 4E7, 9A12, 10F8, 13G1 and 15G11 against CMV gH is based on the corrected intensity values and sorted from the N- to the C-terminus of CMV gH.
A5: Spot Family | B5: Row | C5: Column | D5: Peptide | E5: Mouse antibody 1D11, 100 µg/ml | F5: Mouse antibody 4E7, 100 µg/ml | G5: Mouse antibody 9A12, 10 µg/ml | H5: Mouse antibody 10F8, 100 µg/ml | I5: Mouse antibody 13G1, 100 µg/ml | J5: Mouse antibody 15G11, 10 µg/ml
A6: Icahn School of Medicine, CMV gH, 7 aa Cyclic Constrained Peptides (PEP20205091784) | B6: 2 | C6: 2 | D6: GSGSGSG | E6: 0 | F6: 17 | G6: 0 | H6: 0 | I6: 25 | J6: 0
A7: Icahn School of Medicine, CMV gH, 7 aa Cyclic Constrained Peptides (PEP20205091784) | B7: 2 | C7: 3 | D7: SGSGSGP | E7: 0 | F7: 16.5 | G7: 0 | H7: 0 | I7: 23 | J7: 0
A8: Icahn School of Medicine, CMV gH, 7 aa Cyclic Constrained Peptides (PEP20205091784) | B8: 2 | C8: 4 | D8: GSGSGPL | E8: 0 | F8: 17.5 | G8: 0 | H8: 0 | I8: 25 | J8: 0
A9: Icahn School of Medicine, CMV gH, 7 aa Cyclic Constrained Peptides (PEP20205091784) | B9: 2 | C9: 5 | D9: SGSGPLA | E9: 0 | F9: 26.5 | G9: 0 | H9: 0 | I9: 25.5 | J9: 0
A10: Icahn School of Medicine, CMV gH, 7 aa Cyclic Constrained Peptides (PEP20205091784) | B10: 2 | C10: 6 | D10: GSGPLAE | E10: 4.5 | F10: 15.5 | G10: 0 | H10: 0 | I10: 9.5 | J10: 0
A11: Icahn School of Medicine, CMV gH, 7 aa Cyclic Constrained Peptides (PEP20205091784) | B11: 2 | C11: 7 | D11: SGPLAEQ | E11: 0 | F11: 0 | G11: 0 | H11: 0 | I11: 0 | J11: 0
A12: Icahn School of Medicine, CMV gH, 7 aa Cyclic Constrained Peptides (PEP20205091784) | B12: 2 | C12: 8 | D12: GPLAEQF | E12: 25 | F12: 25 | G12: 11.75 | H12: 11 | I12: 16.5 | J12: 730.75
A13: Icahn School of Medicine, CMV gH, 7 aa Cyclic Constrained Peptides (PEP20205091784) | B13: 2 | C13: 9 | D13: PLAEQFL | E13: 20 | F13: 32.5 | G13: 0 | H13: 0 | I13: 27.5 | J13: 0
A14: Icahn School of Medicine, CMV gH, 7 aa Cyclic Constrained Peptides (PEP20205091784) | B14: 2 | C14: 10 | D14: LAEQFLN | E14: 0 | F14: 11.5 | G14: 0 | H14: 0 | I14: 0 | J14: 34.75
A15: Icahn School of Medicine, CMV gH, 7 aa Cyclic Constrained Peptides (PEP20205091784) | B15: 2 | C15: 11 | D15: AEQFLNQ | E15: 0 | F15: 0 | G15: 0 | H15: 0 | I15: 0 | J15: 51.5
A16: Icahn School of Medicine, CMV gH, 7 aa Cyclic Constrained Peptides (PEP20205091784) | B16: 2 | C16: 12 | D16: EQFLNQV | E16: 0 | F16: 0 | G16: 0 | H16: 0 | I16: 0 | J16: 0
A17: Icahn School of Medicine, CMV gH, 7 aa Cyclic Constrained Peptides (PEP20205091784) | B17: 2 | C17: 13 | D17: QFLNQVD | E17: 0 | F17: 0 | G17: 0 | H17: 0 | I17: 0 | J17: 0
... A1820: Icahn School of Medicine, CMV gH, 13 aa Cyclic Constrained Peptides (PEP20205091784) | B1820: 60 | C1820: 9 | D1820: YLMLLKGSGSGSG | E1820: 0 | F1820: 0 | G1820: 0 | H1820: 0 | I1820: 0 | J1820: 0

Sheet Intensity Plot

Sheet Calculation
A1: Calculation Conformational CMV gH Epitope Mappings (PEP20205091784)
A3: The calculation is based on the corrected intensity values of the conformational epitope mappings of mouse anti-CMV gH IgG antibodies 1D11, 4E7, 9A12, 10F8, 13G1 and 15G11 against CMV gH. For a better data overview, the baselines of the intensity plot are shifted up.
A5: Spot Family | B5: Row | C5: Column | D5: Peptide | E5: ='Data Summary'!E5 -> Mouse antibody 1D11, 100 µg/ml | F5: ='Data Summary'!F5 -> Mouse antibody 4E7, 100 µg/ml | G5: ='Data Summary'!G5 -> Mouse antibody 9A12, 10 µg/ml | H5: ='Data Summary'!H5 -> Mouse antibody 10F8, 100 µg/ml | I5: ='Data Summary'!I5 -> Mouse antibody 13G1, 100 µg/ml | J5: ='Data Summary'!J5 -> Mouse antibody 15G11, 10 µg/ml
A6: Icahn School of Medicine, CMV gH, 7 aa Cyclic Constrained Peptides (PEP20205091784) | B6: 2 | C6: 2 | D6: GSGSGSG | E6: ='Data Summary'!E6+2000 -> 2000 | F6: ='Data Summary'!F6 -> 17 | G6: ='Data Summary'!G6+4000 -> 4000 | H6: ='Data Summary'!H6+3000 -> 3000 | I6: ='Data Summary'!I6+1000 -> 1025 | J6: ='Data Summary'!J6+6000 -> 6000
A7: Icahn School of Medicine, CMV gH, 7 aa Cyclic Constrained Peptides (PEP20205091784) | B7: 2 | C7: 3 | D7: SGSGSGP | E7: ='Data Summary'!E7+2000 -> 2000 | F7: ='Data Summary'!F7 -> 16.5 | G7: ='Data Summary'!G7+4000 -> 4000 | H7: ='Data Summary'!H7+3000 -> 3000 | I7: ='Data Summary'!I7+1000 -> 1023 | J7: ='Data Summary'!J7+6000 -> 6000
A8: Icahn School of Medicine, CMV gH, 7 aa Cyclic Constrained Peptides (PEP20205091784) | B8: 2 | C8: 4 | D8: GSGSGPL | E8: ='Data Summary'!E8+2000 -> 2000 | F8: ='Data Summary'!F8 -> 17.5 | G8: ='Data Summary'!G8+4000 -> 4000 | H8: ='Data Summary'!H8+3000 -> 3000 | I8: ='Data Summary'!I8+1000 -> 1025 | J8: ='Data Summary'!J8+6000 -> 6000
A9: Icahn School of Medicine, CMV gH, 7 aa Cyclic Constrained Peptides (PEP20205091784) | B9: 2 | C9: 5 | D9: SGSGPLA | E9: ='Data Summary'!E9+2000 -> 2000 | F9: ='Data Summary'!F9 -> 26.5 | G9: ='Data Summary'!G9+4000 -> 4000 | H9: ='Data Summary'!H9+3000 -> 3000 | I9: ='Data Summary'!I9+1000 -> 1025.5 | J9: ='Data Summary'!J9+6000 -> 6000
A10: Icahn School of Medicine, CMV gH, 7 aa Cyclic Constrained Peptides (PEP20205091784) | B10: 2 | C10: 6 | D10: GSGPLAE | E10: ='Data Summary'!E10+2000 -> 2004.5 | F10: ='Data Summary'!F10 -> 15.5 | G10: ='Data Summary'!G10+4000 -> 4000 | H10: ='Data Summary'!H10+3000 -> 3000 | I10: ='Data Summary'!I10+1000 -> 1009.5 | J10: ='Data Summary'!J10+6000 -> 6000
A11: Icahn School of Medicine, CMV gH, 7 aa Cyclic Constrained Peptides (PEP20205091784) | B11: 2 | C11: 7 | D11: SGPLAEQ | E11: ='Data Summary'!E11+2000 -> 2000 | F11: ='Data Summary'!F11 -> 0 | G11: ='Data Summary'!G11+4000 -> 4000 | H11: ='Data Summary'!H11+3000 -> 3000 | I11: ='Data Summary'!I11+1000 -> 1000 | J11: ='Data Summary'!J11+6000 -> 6000
A12: Icahn School of Medicine, CMV gH, 7 aa Cyclic Constrained Peptides (PEP20205091784) | B12: 2 | C12: 8 | D12: GPLAEQF | E12: ='Data Summary'!E12+2000 -> 2025 | F12: ='Data Summary'!F12 -> 25 | G12: ='Data Summary'!G12+4000 -> 4011.75 | H12: ='Data Summary'!H12+3000 -> 3011 | I12: ='Data Summary'!I12+1000 -> 1016.5 | J12: ='Data Summary'!J12+6000 -> 6730.75
A13: Icahn School of Medicine, CMV gH, 7 aa Cyclic Constrained Peptides (PEP20205091784) | B13: 2 | C13: 9 | D13: PLAEQFL | E13: ='Data Summary'!E13+2000 -> 2020 | F13: ='Data Summary'!F13 -> 32.5 | G13: ='Data Summary'!G13+4000 -> 4000 | H13: ='Data Summary'!H13+3000 -> 3000 | I13: ='Data Summary'!I13+1000 -> 1027.5 | J13: ='Data Summary'!J13+6000 -> 6000
A14: Icahn School of Medicine, CMV gH, 7 aa Cyclic Constrained Peptides (PEP20205091784) | B14: 2 | C14: 10 | D14: LAEQFLN | E14: ='Data Summary'!E14+2000 -> 2000 | F14: ='Data Summary'!F14 -> 11.5 | G14: ='Data Summary'!G14+4000 -> 4000 | H14: ='Data Summary'!H14+3000 -> 3000 | I14: ='Data Summary'!I14+1000 -> 1000 | J14: ='Data Summary'!J14+6000 -> 6034.75
A15: Icahn School of Medicine, CMV gH, 7 aa Cyclic Constrained Peptides (PEP20205091784) | B15: 2 | C15: 11 | D15: AEQFLNQ | E15: ='Data Summary'!E15+2000 -> 2000 | F15: ='Data Summary'!F15 -> 0 | G15: ='Data Summary'!G15+4000 -> 4000 | H15: ='Data Summary'!H15+3000 -> 3000 | I15: ='Data Summary'!I15+1000 -> 1000 | J15: ='Data Summary'!J15+6000 -> 6051.5
A16: Icahn School of Medicine, CMV gH, 7 aa Cyclic Constrained Peptides (PEP20205091784) | B16: 2 | C16: 12 | D16: EQFLNQV | E16: ='Data Summary'!E16+2000 -> 2000 | F16: ='Data Summary'!F16 -> 0 | G16: ='Data Summary'!G16+4000 -> 4000 | H16: ='Data Summary'!H16+3000 -> 3000 | I16: ='Data Summary'!I16+1000 -> 1000 | J16: ='Data Summary'!J16+6000 -> 6000
A17: Icahn School of Medicine, CMV gH, 7 aa Cyclic Constrained Peptides (PEP20205091784) | B17: 2 | C17: 13 | D17: QFLNQVD | E17: ='Data Summary'!E17+2000 -> 2000 | F17: ='Data Summary'!F17 -> 0 | G17: ='Data Summary'!G17+4000 -> 4000 | H17: ='Data Summary'!H17+3000 -> 3000 | I17: ='Data Summary'!I17+1000 -> 1000 | J17: ='Data Summary'!J17+6000 -> 6000
... A1820: Icahn School of Medicine, CMV gH, 13 aa Cyclic Constrained Peptides (PEP20205091784) | B1820: 60 | C1820: 9 | D1820: YLMLLKGSGSGSG | E1820: ='Data Summary'!E1820+2000 -> 2000 | F1820: ='Data Summary'!F1820 -> 0 | G1820: ='Data Summary'!G1820+4000 -> 4000 | H1820: ='Data Summary'!H1820+3000 -> 3000 | I1820: ='Data Summary'!I1820+1000 -> 1000 | J1820: ='Data Summary'!J1820+6000 -> 6000
